Ts,Tc,omega_slow,motor_rpm_mean,input_current_mean
0.5221245709185909,0.5558297854912824,0.6224312220758832,146.12842,2.5634987
0.32872345815500076,0.5738426900446214,1.4961070398890133,137.76033,2.237921
0.383890273472716,0.6020977467128601,0.7427789973483001,134.54758,2.7290726
0.2846845450505557,0.7112742011791154,1.4072151331464737,120.127785,2.54361
0.44192271688426776,0.635404679905327,0.9098042654062459,148.30974,2.3047514
0.41891860080304444,0.9390905935891556,1.3356322842072044,141.03171,2.1592226
0.3366445788485142,0.8827473078706733,0.5583942261461311,159.74303,2.1926975
0.36161984889570514,0.7937261177530431,1.3654843979877502,165.27457,1.8709847
0.37904951159102046,0.8856193250697222,1.4583646964468828,111.42596,2.3413558
0.3751188387087724,0.5841550801336467,0.7568780768977857,145.68953,2.3494492
0.4475482321403216,0.6411234735330688,0.7499383305933038,121.309525,2.801008
0.2666914437979633,0.835440247643499,1.0489259773913968,129.69124,1.9740409
0.30658241702093586,0.721675398651478,1.3898221997916842,125.99305,2.4310145
0.2518882057275169,0.7998380789019803,0.5723412373782059,126.46804,2.9937818
0.4224611420559453,0.9318692633320921,1.33715920905884,122.11906,2.535292
0.3359818588340958,0.9418900559827701,0.5433504790817479,135.85745,3.0180466
0.35757441403892887,0.6096328291473824,0.6602803275928761,140.5997,2.332898
0.2762470502505783,0.6240187711241698,1.0600422058873775,128.89342,2.4348888
0.38728905239769196,0.8932061236148814,0.9094216308426786,147.59247,2.1155076
0.54026970098553,0.7704754264925472,1.3217281209458993,158.43707,1.9064264
0.30067392601472925,0.6971100713565082,0.9698691493151793,137.72571,2.2135832
0.43617271138519037,0.5628797229558862,0.8397506861701408,146.86922,1.6739467
0.3202199831227167,0.6120845826472991,0.5081218456634484,141.155,1.8980521
0.45781521440479245,0.8409066036766404,1.1016440238395524,124.69516,2.891042
0.27625451004303686,0.8189981629080709,0.8273169185858607,148.17894,2.0182078
0.32007573651625143,0.7922688374886866,0.5058589875216423,135.07771,2.076678
0.4701268067388543,0.6156250986597486,0.6653251503261904,123.88246,2.298414
0.27145089240255976,0.7057896466900847,1.0515186526634124,145.83688,2.1409385
0.40318664782414043,0.8171173041585824,0.8058081531403126,171.51085,2.1640153
0.5390988860224861,0.9104248155632813,1.4310721348933726,130.60951,2.1089728
0.33798319070511185,0.6817536995172323,1.2088060500446647,106.90258,2.6524115
0.5138004375593728,0.6601897298531451,0.7425593254663985,154.60876,2.3333664
0.3428778645851383,0.5765565197864547,0.5921104066649894,161.82372,2.4834425
0.5460696238011282,0.9069264990988488,1.4307191090179026,123.22527,2.9789958
0.39766485503318094,0.891835509375982,0.5674125471594433,126.72478,2.8111038
0.2967672054973759,0.605559073562118,1.147151586254029,121.05821,2.9987907
0.2953710437918938,0.6313099475172244,0.6922406182111636,171.04912,2.2004635
0.2697645545963031,0.7213115750487815,0.8611796161748868,163.19327,2.0384197
0.40686348878270806,0.6778098096503383,1.066845569778129,114.21145,2.9008465
0.48992577868642656,0.7367136629498755,0.714049053550614,111.44751,2.581253
0.5121475194709755,0.6659164602035844,1.1667284955541724,168.46722,2.159974
0.32048179126674337,0.5913155317971519,0.7544741543170851,139.74823,2.2992876
0.4427810170161435,0.8595922994953069,1.33142314328929,125.59592,2.887542
0.4409338700590183,0.8733886193219926,1.3446017368664394,148.94182,2.6312118
0.5189412059543087,0.709447642128848,0.5434961831694112,144.11972,2.3976357
0.2659652642532553,0.9285478255670069,1.2758654481552383,139.50372,2.46462
0.3722278287546663,0.9044554891876947,0.7801929083082336,163.26503,2.4525764
0.38666968247638733,0.7958697177315439,0.6183116349575255,135.64145,2.0244124
0.38308023792578655,0.8908839662733801,0.9847592341997792,159.64967,2.4171975
0.34909985579795916,0.6564234729950601,1.1761985722183108,136.58078,2.5002375
0.4698093097371103,0.7030175452680741,1.271663574273789,126.14272,2.4545388
0.2959120552675742,0.6099298846077579,1.442515689998066,158.353,1.6691955
0.42839608862403145,0.9498038185590437,1.471044126613147,130.60977,2.4668367
0.4828734094333501,0.6430537144901137,1.1291713081367583,139.84898,2.2341373
0.39744294497759747,0.6428821887631183,1.0531882183110068,147.55489,1.9270754
0.4690944653070349,0.8096728444458944,0.8256747013573447,169.53206,1.690161
0.3297051715473964,0.6281743357021341,1.1110811751930212,165.9084,1.9179013
0.4603902675787384,0.6687895449769,1.3893664613135281,147.04956,1.8866903
0.4109761229252745,0.6828565484700794,1.2012045406996794,140.09372,2.2621717
0.2599696978251532,0.7148843502642899,1.2794275599624152,149.87866,1.9476497
0.4784027427347065,0.672828078318796,0.9040607103032577,141.5557,2.4081345
0.5345588119119487,0.9491117192613383,0.5388288925657109,149.53595,2.0351877
0.521608332544113,0.6225205363387578,0.7724123340745187,140.96593,2.4353566
0.3253951862958322,0.7744334067425162,0.7182169257559015,138.59201,2.608703
0.39501399749164495,0.5829228021668104,0.7283051304721977,133.9486,2.399767
0.472672384077298,0.9359398396232377,0.9996179057059591,163.02014,2.1817398
0.31398616487410186,0.7963270640986322,1.3340026175515147,116.76905,2.189146
0.510501000771834,0.7749811014861329,1.421732894027376,158.80974,1.9377335
0.32552634667734753,0.8680018172992775,0.7105377805243985,131.37956,2.9559762
0.49132960852155616,0.5715628995373417,1.0170327840824611,149.06061,2.0303695
0.35497152237452134,0.8955069110920872,0.7956969465859592,120.66466,2.3853378
0.47261101039674214,0.6147940231486021,0.9454926303974788,153.05196,2.1926408
0.4602656534198572,0.7941824169659478,0.8259162467517348,160.10179,2.295865
0.5374873642608518,0.782087203031871,1.1395198659520391,121.15581,2.537051
0.3037426096176056,0.7717999041898795,0.844326128044673,119.516335,2.5728378
0.2846693417895663,0.670588880738073,1.0712368848890284,120.51119,1.9680442
0.39282139867206206,0.569967486523286,1.3102834446960454,173.70457,1.605376
0.3306414166661234,0.8123094373806852,1.046967309353581,130.16171,2.8891172
0.33472083981103684,0.6947034068357745,1.2899354264407683,157.50223,2.2660556
0.28562063832802276,0.5734762465194059,0.7169706749351388,157.57059,2.4972556
0.432810157091837,0.8637210946346638,1.2457379767983927,132.65234,2.4511955
0.42271482255597914,0.9324870682373673,1.3429972529543772,152.99217,2.3088238
0.5251694205809767,0.8829898664651056,1.417257693184323,126.67517,2.0661702
0.34293726885638054,0.5509146442967656,1.4750417249463457,155.10649,1.8983625
0.37525253600670877,0.6123859834240556,0.8841981726642592,145.3616,2.334565
0.2505742176054154,0.6874611455552816,1.0695460171133968,114.76319,2.1670642
0.446057947958205,0.8471997198177108,1.098924245128548,174.61226,1.8979771
0.2827658945848447,0.593489291782892,1.1704384467423856,141.56096,2.044702
0.4098635307284551,0.6909885364894852,1.3120428633759367,122.12457,2.6759324
0.2600044453604728,0.7301600613259371,1.0337330839515326,165.43604,1.8362757
0.26747399965447644,0.7922725895053835,0.5414347335257281,123.262115,2.4062164
0.5419411948366436,0.7099757802158426,0.8091790963172942,157.9701,2.5534933
0.41968169091121554,0.8036380575886193,0.8749437744502249,153.21745,1.651416
0.3558066948945366,0.6272904128754528,1.3765299148448618,117.17527,2.3257604
0.4530790341785655,0.5669613001713119,0.5723025184404369,152.8407,1.6479664
0.2710575929762136,0.7098236670855884,1.333410434578473,161.80855,2.0003464
0.4434911010381525,0.5823558982572116,0.9556770925297695,174.05904,1.5826515
0.34744863819282906,0.7006469712398666,0.8381477801215649,125.3369,2.5939224
0.4880010658068395,0.5888874472031422,1.452154904891752,132.07669,2.7790408
0.45490137483313253,0.9084312514551853,1.2026502396566656,142.17563,2.062169
0.3240006146600448,0.7154788025441811,1.4796393559254992,140.5427,2.1916058
0.32883983323787447,0.9444503120487447,1.2276054374768104,133.71382,2.5075839
0.42361883276367174,0.7448490135218737,1.104379902620507,116.58068,2.6259053
0.28581074991972616,0.607141775673876,1.3190425874397107,156.86482,2.4380312
0.42655926329135274,0.8128009471845058,1.3906727038769533,135.40498,2.2100515
0.45674931133529395,0.678082504792225,1.423660386458749,153.75468,2.1405418
0.42578458244733974,0.7981470015527734,0.5547603409701822,122.39917,2.5225184
0.4926590767695543,0.8978099088164169,1.1296696912038982,143.2872,2.043048
0.2900869197394608,0.856121687162851,1.3030752971876298,153.96774,2.3247468
0.5032788126066732,0.683232548484938,1.2719337174980345,120.95403,2.7367754
0.42121261519790126,0.919225843691584,0.7825938468383007,125.81586,2.606145
0.4577875139142897,0.9071883596398609,1.269073863696121,138.86046,2.096292
0.43668163828379136,0.8793191094091806,0.5253873499678369,122.06677,2.9879808
0.33226032642787723,0.6982162412646273,0.625667681892811,117.43342,2.6812942
0.4380075244856386,0.5529753286731868,1.125566259753401,105.90411,3.0624733
0.5001422981491979,0.556435571880156,1.2779074145402376,144.22234,2.3356137
0.31661466105888114,0.721076911460673,0.7152975287474329,120.47663,2.1235533
0.2662441065725373,0.5583842351664906,0.860187820987078,140.93616,2.1883893
0.28794362690420405,0.7653417594795544,1.4425249038375485,138.48376,2.473379
0.2523244442523085,0.6063661994435786,0.763191043545725,156.77693,2.1017113
0.4258234096850363,0.5784999784527678,1.4270560738479998,136.53555,2.447165
0.5398921570385342,0.6140167591950001,1.181648273703424,136.19159,2.6742659
0.5139625962937988,0.8471917961668435,0.6312812147055514,160.81433,1.8881781
0.40147197012549946,0.6627935046560931,0.7827635440481044,149.61716,2.2072577
0.480292140242756,0.9198164295875983,0.6155908692775929,121.10408,2.5443273
0.5434128221216913,0.7238441442948824,0.6818154529237717,160.55505,2.0862043
0.5005235705140695,0.7943375858433239,1.429704600283826,136.72354,2.109103
0.27767223235996563,0.869063495996927,1.1850065871335391,159.69107,1.9193537
0.43928626241903934,0.7111827234123113,1.1774583798924585,149.28004,1.8652503
0.3888796380004227,0.608200265263192,0.6638936188472719,136.5724,2.5753584
0.4109592920777464,0.6127724266949022,0.5410002838794795,154.99023,1.9241048
0.4023420539671483,0.860636614284882,1.4234067713829326,161.64253,1.8246596
0.31606560113771703,0.7561616216567182,0.6748065646530589,162.80798,2.0710456
0.25493677275811816,0.7631982370372861,0.963559296312037,140.42854,2.3951519
0.5363852116135936,0.8142986266470529,1.1413620131196884,150.28232,2.2014494
0.4999311219685676,0.9159422241815693,1.207383725198236,155.30045,1.755672
0.3632682894193527,0.9210138649259809,1.036302328091157,125.11768,2.9012606
0.4850443232473409,0.9234427097693947,0.8863246376550963,136.72418,2.7209854
0.32325384590848205,0.5559605941961977,1.205467890988901,145.27304,2.815316
0.4825900898550688,0.8608436152917056,0.8709421092627352,134.67548,2.6861641
0.34049220599857716,0.7521976789606575,1.3555967913913145,119.67214,2.3411558
0.36952490764474577,0.8742258600608412,0.5841869167988627,157.06197,1.9193361
0.3521268112797741,0.7804719121446528,1.3226910176354405,138.09593,2.2916055
0.2539376730716053,0.6282034099983136,1.0879781758888842,144.74283,2.2217379
0.4943638364174413,0.9338436481213576,0.6377298157759635,145.00836,2.187665
0.35712581286225,0.878684057845541,0.6370767622333923,113.31118,2.636713
0.484825541070099,0.8484267614366748,1.4369707078224365,153.93889,2.1524405
0.3409682403409585,0.6104359922482424,0.628406194680359,143.063,2.2560706
0.31883068837855216,0.8587749726931365,1.4475720259566325,161.48926,2.3834975
0.4348383507292156,0.5991545594015107,0.9632750420772916,144.70946,2.3529124
0.41913828112282103,0.8423404182054397,0.656171495848088,122.92663,2.0886903
0.45398748008917744,0.6124520711926998,1.3095934014336947,154.86758,2.3745756
0.49264116232264904,0.8728554967132032,1.494654804860714,148.45842,2.7403138
0.4954131932609223,0.6382568395573198,0.7401264429874803,166.71255,2.3423927
0.2902414881362829,0.6513390777517849,1.3065568433610177,134.8691,2.3705845
0.33412998155636076,0.8234159255298814,1.1851060843418986,153.05379,2.0434551
0.3848247520208023,0.6719693886345431,1.0507393558329272,143.74197,2.2484677
0.3235085900336211,0.9229550979558085,1.4744189360821491,132.32881,2.1937907
0.39174066038438293,0.7646495279080125,1.2994044775510512,138.67194,2.005499
0.39281122792339,0.6804627403468446,0.5910113015422555,142.20827,1.8248287
0.37961259217620624,0.5764890701972818,1.1671960280588336,122.5915,2.6822476
0.45704621199614787,0.9339657150981742,1.3081071078336854,157.91158,1.9321083
0.4606572572643862,0.8847547931706128,1.267758179780441,161.2769,2.5510721
0.4483933271141048,0.7766302179977018,1.4796082900195144,120.03774,2.986946
0.3201249833374112,0.8479640952812924,1.2763979161623524,148.07722,1.9089448
0.3244797885359641,0.611787518296363,0.6843513387869323,113.73509,2.8959358
0.5194296083770797,0.7259497943575582,1.0911752029196244,124.27443,3.125049
0.4453849948691092,0.6598328219046787,0.6012415085207311,116.230934,2.968272
0.38592987230072684,0.776308359501845,0.543477172790521,124.47482,2.6282372
0.4478655171758924,0.5602070271322669,1.415654883743986,137.58075,2.8227296
0.33457202360599203,0.6486947168119274,1.2643565566803483,161.80849,2.2578783
0.31100788681503366,0.5729402455164851,0.8169560371384527,153.83003,2.0041885
0.32569307110816625,0.7464763139267748,0.563103636612987,118.47776,2.2283053
0.29178579679613587,0.6234596720526983,1.1565209147632936,122.72378,2.4967048
0.43851962560276614,0.7090660146078452,1.030453940749644,143.13109,2.8914993
0.3505713337129022,0.8379876720465795,1.277972472486637,125.13417,2.244102
0.38620586944365565,0.8995791948738199,1.4728750293202038,128.55768,3.0098052
0.3722468318192442,0.699924760162254,1.2290017779663902,144.39539,2.2360594
0.29582762564839593,0.9171584546402494,0.7672213387874453,135.43633,1.9805489
0.2687142356298546,0.6262854056826058,1.20330395034303,163.0831,2.0850291
0.3071638796498566,0.7117121611288071,0.6371643373833664,154.73453,2.391021
0.49327536858225823,0.7344050091777528,1.0928329005420014,117.07159,2.332277
0.27219360033148393,0.6431458775943725,0.8118021754686846,149.13524,2.185024
0.4684520231573969,0.8288250598369558,0.5432566124875713,135.76,3.0532207
0.4804575383071919,0.9010474037922491,0.6742059822085696,139.05687,2.184418
0.39736564087271287,0.7107792689488694,0.5475368848346013,136.89258,2.6108522
0.4145222338687346,0.7619606459242476,1.4583381310065233,145.1965,2.220409
0.5358464232199273,0.6922695247044343,1.2245989279191778,144.26627,1.9308275
0.48119443808017515,0.8965692178956509,1.0209019802905188,157.95305,2.123082
0.5403217208265358,0.5749920996338418,1.0732039076158353,154.9656,2.3214352
0.49879795272232436,0.6794539674473705,1.457583276780088,135.24205,2.5933447
0.41412422706961094,0.8146926676952144,1.161942743616934,162.50494,1.9070874
0.430970785407232,0.9084583332037018,1.316546054927901,161.38866,2.1008718
0.4169326298909868,0.6891728329194551,1.0878781210958923,115.97066,2.7464194
0.47111274968197425,0.623072312041988,1.499198541806979,147.31622,2.5851982
0.25381024487866294,0.9188755858665458,0.6154961574985434,149.1774,1.6556362
0.3456986796663452,0.7088914814473626,0.6037088380451501,167.67424,1.6752859
0.3222377740201432,0.622905529589347,0.8116315282554872,136.42844,3.1012766
0.2611986812472541,0.6238069352717253,1.2856279893857936,168.06802,1.8620096
0.2945024569896295,0.5973642155786076,0.6210386567437346,163.8354,2.4576216
0.30720159630747956,0.686304402249335,0.5541567752252866,140.95367,2.2044954
0.5030700983908166,0.8463603037594352,1.0619023184510326,136.07986,2.4064531
0.36441203444331516,0.7887504468183021,1.4793214021262018,118.48269,2.6352124
0.5135757491851902,0.6200894685474644,1.233673094556257,134.84781,2.5014284
0.3350337524291604,0.5670042004143016,1.0004043856564606,124.56937,2.118552
0.4797480420641602,0.6110690380939097,1.3198620559623824,162.10936,2.1866288
0.4666664042955913,0.9373005698413418,1.4150213940741128,164.69449,1.9741614
0.2619672343193419,0.9475103945759482,1.4568766709729242,149.76382,2.4631515
0.2578169136419919,0.593387895058714,0.9361974997467107,119.21514,2.7134633
0.4512949399093884,0.7286423756092643,0.9166630670656489,147.1328,2.080041
0.33461142268920935,0.7125094299723428,0.7178538425682502,159.79385,2.4253547
0.5049389663446681,0.7420199097409634,1.2984488433172943,152.0954,2.0268915
0.3940546669299035,0.8862428981088045,0.5619084024185017,135.35951,2.2212713
0.4249184058471077,0.7917805121556979,0.5854031085405285,157.49716,2.3280814
0.4328188553439358,0.8412952720258908,0.8335638725193681,141.33876,2.0217237
0.3104486263066919,0.8510987448593983,1.0469440223933777,115.122215,2.6169746
0.3599146462629573,0.6692492425418965,1.4205362446141434,144.77682,2.0521414
0.49467968619413116,0.5902413789068754,1.2220292107590227,151.881,2.3520157
0.46369184214115516,0.8318400449437885,0.5509305598050537,140.6337,2.8319135
0.45296853093376543,0.6961835224625909,0.8514219262133573,157.37993,1.5960511
0.47302706875146217,0.7651980620282147,0.5452147648670812,156.08894,2.1806731
0.46449440974877554,0.771336685661162,1.0446657552819278,162.40695,2.2992482
0.3948246797612229,0.7054821423654838,0.775074304273329,138.89738,2.9544585
0.5112915059108895,0.7602850511620058,1.257738978056737,145.8008,2.2716403
0.3708549375526682,0.6523738589307759,1.250536823670174,135.85733,2.7246768
0.5059593748941138,0.7642960589208111,1.262724800780259,159.36656,2.041119
0.47555542344442236,0.7156506726648573,0.5487861024407719,125.653984,2.5594764
0.3699013445414845,0.7094243310747043,0.6525148078663586,133.23457,2.7114542
0.48505651667659117,0.5514664462584141,0.6989297023042885,114.473465,3.0120502
0.44763948425729294,0.6513454103200077,1.0012968300725,145.90115,2.7288678
0.38061428234793004,0.575070034607191,0.8058088529115452,122.61763,2.7140648
0.4502750219410618,0.8666949598875383,1.1052383675058224,127.65138,2.5967407
0.4099728779381179,0.7824472389276017,0.6530407746385627,133.1717,2.056691
0.41385282110759286,0.918635159124366,1.494706184427402,146.51353,1.7346478
0.31838843978659614,0.8914904689917129,0.7778742862304735,134.7059,2.5575001
0.38272051285759556,0.5532268577082263,1.4659196140987767,160.19131,2.4435441
0.3196484847457436,0.6031728756124346,1.344717589844276,135.02823,2.1567118
0.4378826921051577,0.9261958609016376,0.5919622175385455,114.840164,2.4151945
0.41079500181208495,0.8034796925715535,1.3572890418527872,147.78004,1.9435378
0.25541354683317113,0.5596860656839674,0.9386895697102969,160.23512,2.03675
0.41858551969116764,0.8922790898396405,0.7492009907630356,157.09856,2.1125436
0.5483671170642723,0.8616656543783288,1.3957637277137613,138.5372,2.3921134
0.27265738463532,0.8400223500501656,0.8834910627765985,169.5384,1.668634
0.5297274174738368,0.6695175780950724,0.5511481167989553,118.81108,2.827492
0.4484990229281891,0.8073978388490475,0.6267851822598419,106.27879,2.221096
0.461031857761661,0.738241337057582,0.9468791178959877,143.1257,1.8794737
0.32507575596532823,0.6267792441024252,0.8146772781415998,114.60957,2.243772
0.26380663024614925,0.8759345722001718,1.4010644858080106,145.27727,2.1157272
0.39699204728078374,0.6035129147843696,0.5245786599303957,149.04872,2.377684
0.4126484012855177,0.780357833446892,0.5345002606212722,144.33249,1.9919739
0.4422092730173687,0.7135609307034154,0.6829679287334248,147.19229,2.0405157
0.35973319991542557,0.8723280674025086,1.1917620745929112,126.525635,2.2023194
0.4176216607333591,0.7340713163113268,1.2164088062605023,129.09254,2.342472
0.42162401706475594,0.8940443083870422,0.5257485192138535,135.0043,1.8885366
0.4139680472150406,0.623235234043519,1.3535084831078616,122.520226,2.3583462
0.3663604424544995,0.9284401440664994,1.2650560711749756,151.9622,2.17524
0.4452243920238043,0.6624026442871349,0.5238919446627405,148.4536,1.9709203
0.47207170774835194,0.6069514012786753,0.982705603689073,127.8813,2.502873
0.4986377500829343,0.8314797156039493,1.2978475603948614,166.74606,2.1199498
0.30967160995469006,0.6972776337191784,0.8723755607647429,113.83311,3.036706
0.528140510048206,0.6432569201493591,1.0910453432259875,144.78773,2.2943473
0.28993174212838213,0.8699086074209077,1.0965099462419405,152.99132,1.8252435
0.4728083482828992,0.8621498287685773,0.9495708430322017,153.54967,2.1637602
0.44918482677593724,0.8110256002616589,1.2782483564932599,143.91852,1.6972282
0.34073680375234733,0.7111834829605812,0.5339532137242253,132.31947,2.231783
0.48018367757148417,0.7749346685466217,1.3429992404196733,143.79889,2.3016167
0.3888663200196626,0.7050152734996272,0.7219265120083932,171.47139,2.2440512
0.26476798784368955,0.9144546479631216,1.0016387431991745,156.32298,2.3670335
0.40284958154133244,0.5946464186688624,1.4852959232362493,150.38048,1.9611945
0.4082352181163275,0.8894337497060871,0.975283121550493,144.21136,2.5259995
0.4737687239646372,0.9096409190562167,1.355256381432379,123.27341,2.381877
0.32867236492151763,0.7241395084174924,1.158144746069813,140.72801,2.428636
0.4957671171271544,0.7202053679502252,1.2625363691704212,155.84573,2.354538
0.44543576121043593,0.694186167209791,0.7670155114321804,130.08287,2.9166985
0.41289526547288147,0.9197883592596596,1.2107160673715642,122.83479,2.2202346
0.3894535666114036,0.616459060461831,0.596848571316558,107.08365,2.626268
0.5012741841520595,0.8647377865255913,1.3637639713635836,174.25099,1.6931949
0.35138877784082956,0.8985606040759639,0.660675898478809,112.09915,2.3460426
0.33658898130640325,0.7160404619156451,0.9960329559480205,161.865,2.0508168
0.2632600995268925,0.6251606275692849,0.8466941859441968,157.30106,1.926197
0.47082439860125436,0.6351415353264444,0.6653287040799565,143.7949,2.324895
0.3551460089380311,0.73982475506411,1.1719504690967883,126.05399,2.225741
0.5128188014889946,0.7480401815847959,0.8487624658260249,149.42783,2.2905805
0.43774717415190967,0.8852028642736818,0.7089609548213827,149.74384,2.276434
0.4577879399402602,0.9203302895948657,0.8483060674889088,109.91938,2.4453754
0.4334682751928485,0.888931703896036,0.8954962266439019,167.59464,2.3733885
0.3697728842233733,0.9102269633128948,0.9674185758733332,148.6881,2.395804
0.5243188588058285,0.8021131446229741,0.5236742797684545,143.80309,2.2606287
0.34508884094959563,0.8473030497471457,0.634785144517779,131.09685,2.256613
0.5271742277559202,0.8866155634949761,1.3801955450981844,143.67775,2.2151902
0.3816311107145866,0.9051470185640718,0.8950836095165433,159.1083,2.2388437
0.31046457350833295,0.6400023671686157,0.8032273339719799,172.64438,2.2962654
0.4812507088998207,0.8498976176953508,1.2163192601037913,143.56305,1.6195129
0.5259544762797079,0.5820310388050192,1.15487137062207,156.51144,2.2976892
0.2852423700568986,0.599756540698081,0.6173754133312057,165.94531,1.8368995
0.37027653077142453,0.578858472899437,1.330055160150311,130.70476,2.9845498
0.48214729415703167,0.6984104715107035,1.2461804353588835,155.39824,2.0647736
0.46621449181664976,0.7707151932273999,1.1921917563715634,138.02019,2.971816
0.397277398974958,0.5555397763588091,0.8752616354836834,134.19939,2.195838
0.4347780956700341,0.8677807209527895,0.9710981284035409,130.77094,2.047623
0.5174410321949955,0.8170569307024912,0.724389547106604,127.993576,2.8822708
0.5007991134874055,0.8673899437187875,0.8923188130972228,119.59428,2.7573795
0.25739455035852515,0.562562567714122,1.170367173215309,129.25557,2.4182098
0.40444249680996547,0.628225235481166,1.391709733710945,152.89554,2.2578146
0.5210292983737996,0.573939520187712,0.5491587126046111,127.343735,1.9195839
0.35219007726070123,0.8031390338089892,0.9704908999420436,162.48409,1.9599904
0.45966546904461814,0.8354634943211239,1.4287581279112378,120.95549,2.8406205
0.3126796857433648,0.6788966560985168,1.1386160958653426,146.03503,2.7510726
0.41122455017519,0.6720734078055532,0.8709748339591944,110.80347,2.2726336
0.25491958256934893,0.6877021221884121,1.4672692528350075,139.14034,1.9757597
0.2780846772439126,0.6751304419957012,0.7475477725366252,110.44731,3.0122962
0.5311710326564424,0.7041981260270321,0.7028936444681401,166.18687,2.1415734
0.2860303504794296,0.7385600015305802,0.964961157253102,161.94702,2.4670496
0.3303422752310582,0.7475167689704302,1.419572395931831,145.91327,1.9517851
0.45077330773740065,0.8270243293089301,0.5749907754464754,141.28174,2.3388991
0.3019108346528234,0.8467563730078282,1.0537488499622802,135.35332,2.4181905
0.5274683128931597,0.5881942123403299,1.066987189267584,145.58653,1.9592825
0.4679213975144398,0.6280434130629868,0.7579033351857504,121.324066,2.4982393
0.42950452287394647,0.6104274864484873,0.7239780387454425,141.34155,2.2511446
0.3781957477316022,0.8202452114302421,0.9744081910796033,134.58653,1.8963447
0.2786361789332818,0.7083761893390552,0.8920045277113311,130.36807,2.721025
0.40109442146457464,0.7391694659347786,1.2824912489048432,147.3547,1.7795161
0.3549903083352098,0.5540540688510434,1.4735608140542737,155.46016,2.3016114
0.3269343723088648,0.6878323342696376,0.5667715386610365,156.89932,1.7885039
0.5465349779280142,0.6079386084873138,0.5604258398688631,117.89286,2.3878644
0.2882653084388692,0.6795390649646595,1.0038521500259427,136.02977,2.0372615
0.39211859406477956,0.7852032459172067,0.6006109388162642,153.10507,1.5879124
0.39141421228686707,0.5798313094414903,1.1329239250711831,162.9665,2.4441543
0.47545145509304604,0.8148823522103926,1.2067216704249115,154.63043,2.312244
0.4296567200504158,0.5943189389588981,0.6015242137658979,141.24612,2.428647
0.5222383148121075,0.8385306209443057,0.8517842097967757,167.12674,2.2621508
0.44397207949596595,0.7244658669194111,1.3614038319345432,147.62842,2.535743
0.519463546088017,0.7136905083509166,1.265324532817472,141.22472,2.5991035
0.38142327034361634,0.8135042384886335,0.9304600667900782,125.62922,2.6189733
0.35077763520713207,0.9270269127620057,0.712361842447953,170.77061,1.6476578
0.4557921549846522,0.7663561090627065,1.3310208735616949,157.90627,2.0685353
0.417181505326301,0.74879670585194,0.928711322658192,146.62576,2.0145383
0.25212424868396066,0.8313302318904954,0.6683701874836848,138.28194,2.295369
0.259437312924985,0.8790894836409078,1.4655341531334514,106.44206,2.5154705
0.49761891333948155,0.8226095467258103,0.5424732055459413,155.9516,2.4361045
0.3442450339691439,0.8159293699480927,0.8383358556349307,116.03618,1.9399295
0.4591495211151599,0.5687445894402817,0.9905592362523353,160.07501,2.0850997
0.2955428344434636,0.9151588301058637,1.1323573957882966,121.26468,2.436986
0.32847418448200916,0.5520561340418446,1.3583614096089298,159.82843,2.4801285
0.5303336794564807,0.6974901380408626,0.9341031180901463,141.73042,2.231751
0.33737949423818536,0.5557706581039781,0.9286914189660825,156.04253,1.838323
0.3654324809269321,0.688642835523737,1.3455457896186869,119.80568,2.6889813
0.3746929802988149,0.8724971972451433,0.9216827455229724,117.74397,2.9737782
0.5209397111085422,0.7786527619449224,0.8361493269786787,116.51067,2.4687164
0.25364397958578755,0.6256223011269555,0.7872673469594273,142.41772,2.3845987
0.2784230184388884,0.7460741931504387,0.9535578121356779,140.99783,2.1778886
0.4993937464611201,0.5523735975994783,0.6774132008045757,166.12886,2.2877126
0.48122735121431864,0.8137104720810214,0.8550805664011951,164.73994,2.4515915
0.45564201715631325,0.6597533675810731,1.4879374351088173,161.49971,1.9151567
0.2722939624969879,0.9399920109424709,1.2937221583144187,156.66132,2.2755308
0.35605540204226277,0.8781780067457574,0.9885811617604169,118.24464,3.0380523
0.36740008940498664,0.8869943185859651,0.588084428299749,120.05337,2.481984
0.40525572082501377,0.6721868225643417,0.6541196362723155,146.80074,2.405635
0.405347685244271,0.9357179337894884,0.8258085884234478,130.40344,3.1102672
0.3395999121248604,0.8809415942741436,0.6082930581153994,116.46292,2.410704
0.5311890956398064,0.6583107621137475,1.0866404612558591,146.11014,2.5851452
0.40177982036056625,0.8345087009574583,0.9494755226545036,144.71442,2.1022112
0.26318387022378587,0.890782608498379,1.3683046412920847,146.66905,1.7769357
0.5232780027476268,0.8706802318562206,0.548268848338149,163.2273,2.4799461
0.5223318135778255,0.743890863463488,1.0488647464888503,158.01395,2.2047014
0.31311549446110076,0.7004268053372282,1.0723342048610598,157.24095,2.0466404
0.27912125745492256,0.9332818526173154,0.9306207593573212,122.30373,1.9743234
0.3680136506833031,0.6416178231880075,0.6842702353207968,133.01651,2.274171
0.3919213927736611,0.7897711930932049,0.9452928685885131,170.15536,2.2958899
0.32924294217904215,0.5680145113956563,0.554906984427246,170.03233,1.5971208
0.36732584941771834,0.6196897172242191,1.3476743859193165,148.29019,2.3822422
0.3003018376363879,0.7608048277402826,1.2452188678914775,117.017654,2.887548
0.4750762128569115,0.5944988411220571,0.7337290820682557,117.9067,1.999558
0.33893199206913904,0.5585692497884969,0.6725099679010182,131.31004,2.3226001
0.2678241486370725,0.6185478232856518,0.9316303431067582,129.56064,2.3762333
0.44865774673842274,0.7175736661669289,0.722363102940453,140.8026,2.3846848
0.4989281458449755,0.618879038901329,0.8627770890286219,114.794,2.4005418
0.2640665626193033,0.6022586707498522,0.6569199726026185,142.23947,1.8251467
0.4875348149677514,0.6272287724336781,0.8207735660958353,156.89574,2.5272253
0.2549237312653511,0.6050479933066965,1.485721356655963,139.3679,2.756881
0.2908767956327566,0.73918966189552,0.5906819066971606,108.76536,2.2922301
0.5298801462908137,0.6238346315401685,0.7878738243644066,124.31295,2.8700478
0.49996457825672624,0.8962101959286344,1.2011338779576237,120.52028,2.6019583
0.4582476316088272,0.8391968671887049,0.9365020825582041,135.96826,1.8966467
0.5402876166392525,0.6804277399584495,0.628572905237127,141.11491,2.2781782
0.2923511576958476,0.5950620009720422,0.6100551426051815,145.75774,1.9804778
0.3959298702689461,0.566529991290194,1.0264616109983657,140.58492,2.1653616
0.5082489824191079,0.810136292528634,1.339528172352897,115.65877,2.0112596
0.4120226066814555,0.916121699311011,0.5769958305999493,157.86086,2.2352152
0.2972825976332883,0.5923924223911491,0.5392035686739468,156.20187,2.0274575
0.26818279408695467,0.8633310866091495,1.4729412809452733,149.3629,1.9247677
0.5246605100975127,0.7672205441957001,0.8010246305364308,143.3481,2.5230281
0.5245522322459373,0.8858565671753995,1.1106966978338955,108.42832,2.9342911
0.2689042619354783,0.5809038662413977,1.470602229698033,130.68477,2.5262911
0.44418616145294104,0.7453863645665579,0.7606163196951367,141.19513,1.9500173
0.4386700184910879,0.7167304969935366,0.6583069756722776,136.86465,2.186756
0.28488485858576235,0.5761243103023928,1.3585403927896944,105.51694,2.3929577
0.30564147443293777,0.7318789175953521,0.9046781979863046,136.634,2.6293418
0.35090970057560356,0.8115308476744971,0.8139622819026695,125.50685,2.2826211
0.2672329151223556,0.9365871524185324,0.9089703285737714,150.00378,2.2862196
0.5337278334428821,0.7992334395842123,0.5131353089579345,167.60893,2.225151
0.25624872258770454,0.5506441619684855,0.8896358582343891,119.71204,2.3760052
0.30487339167300426,0.8252449255061187,0.7720300603802368,153.35742,1.8822283
0.4932096974847856,0.8628425533322204,0.6671904708672862,169.4668,2.3261447
0.307397449273378,0.5939037965738206,0.728061657723831,122.88639,2.727259
0.25567700181365915,0.5687763428288409,1.4711364690274555,141.09097,2.213734
0.4537429995906057,0.7533924301862533,0.5127376192797449,142.64062,2.5613835
0.32518502392913784,0.8179224242554042,0.8177415530699701,144.3748,1.9882184
0.5239610325426852,0.9484649337319528,0.6474926872341135,137.0599,2.426655
0.40581673063771695,0.6483503761045841,1.2412934127480728,139.87599,2.215396
0.48961536440600306,0.6710087716395648,1.3917339200871912,160.89374,2.3348808
0.32980361106986966,0.5639819375601963,0.7398204147051772,126.98542,2.2848372
0.4996408994485832,0.6129428481558437,1.2080437996354283,136.78131,2.23377
0.5040880298509818,0.940974216148133,0.9418524689591851,133.41344,2.7007344
0.37537196414504437,0.8594286059799287,0.9558219204908572,117.36204,2.313009
0.3763575816302663,0.7216996792576025,1.3882780100530696,132.84921,2.2575903
0.35745850558709447,0.9187822309132788,1.372243518556801,114.746544,2.6286669
0.26306655463362566,0.5696828567657084,1.0314422415777624,159.58392,1.7701128
0.3466642413887978,0.7460774283848624,0.9091958173436971,132.46863,2.7658648
0.2744871605100633,0.7224473256220634,1.0056917716194402,148.0706,2.4771154
0.35354866312889627,0.6666278790418463,1.114003580208716,168.56714,1.7416774
0.5112717132980586,0.550331340593183,0.7996514912397956,133.42442,2.421269
0.5457708386538616,0.6958653152798414,0.5866993639217514,145.88527,2.3377106
0.5123678609405542,0.8315411998855764,1.3296917956839447,127.40444,1.9994175
0.479927440479321,0.7668851668379205,0.5741551577163484,119.81086,2.1882792
0.4047772450360684,0.7466692557181804,1.4158666692158601,123.704315,3.062277
0.26179329323718015,0.8181530478777171,1.2272612909868266,148.27196,2.1396315
0.4151448686148702,0.6487776801080706,0.5691277520054827,135.33679,2.7629495
0.26669377929466154,0.6237999479236581,0.8175600562841164,170.27405,1.9873272
0.3072836670627185,0.7765516877113676,1.0131649434858598,117.77671,2.9673374
0.36212252232038233,0.7121868616625024,1.2774420415781307,116.11583,2.2365572
0.3418640777586655,0.7296030277161886,1.1933573683597536,112.706116,2.8148139
0.36361560692512074,0.6737180464036265,0.8289229112183031,143.57784,2.0149174
0.3283957530086987,0.9473576060846236,0.8315488184333479,155.25633,1.6988877
0.3408093410943567,0.5663420715530556,0.528005504714356,131.05038,2.740485
0.35286034756178747,0.7553848268338534,0.6779063822550991,157.07002,2.1000514
0.28982764741961586,0.7138854565640335,1.4768377932746448,144.76814,2.3669448
0.519539215796457,0.5618275539622587,1.1514761306376622,170.44577,1.7951747
0.3732695284535142,0.7781928603073898,1.371424568617825,156.06708,2.1108682
0.35087564537561217,0.8551768922787555,0.6556039347225338,132.47517,2.2753158
0.5249407352228987,0.8163986568271236,1.0607161176412467,160.80382,2.3814077
0.3455474763165694,0.8299194408083186,0.9494436618733934,120.854836,2.8582203
0.4735530636773711,0.9398477191694183,1.4389578212785565,123.08878,2.7960746
0.39521396994240804,0.6330788999762019,1.0240555308979205,158.50594,2.0700843
0.3219583546318686,0.8895663638385314,0.5862373637206669,114.94145,2.5754743
0.48222328076562104,0.670082021381835,0.8666460221733681,136.18878,2.4321408
0.45217192410554363,0.7063565586398786,1.22967179794642,124.281006,2.5107386
0.3668978894751851,0.902874990855376,0.9302386200455048,139.65056,2.2679646
0.5429698323609125,0.6303551888302699,1.0262420982091398,168.92276,1.7324272
0.4449288932864385,0.6951518447184519,1.1535902411551269,161.0542,1.8786758
0.34042363964804884,0.782820658925613,1.0073777224018565,170.3132,2.0602238
0.5320193257342262,0.7909083286520077,0.5196331574674078,128.85075,2.378737
0.35412120162013105,0.8816208613202714,1.0874559268505313,171.56047,1.689364
0.5427618239226182,0.8007717469505256,0.5612480440779009,138.20247,3.0332844
0.42427355584854504,0.6946410431795557,1.397610496279995,161.44469,2.0312057
0.33530870153033837,0.552721521362081,1.1197718652891084,129.36995,2.5901215
0.4877560477758318,0.6987637757515928,1.2419715896315213,115.31017,2.700162
0.2625595928523969,0.7566800540119325,1.1217316612453674,154.32922,2.042742
0.5140906262489806,0.7684763606845344,1.2909515306445551,145.50133,2.2310743
0.5150008333841383,0.6114904506654674,0.5511438124359177,146.66281,1.9547538
0.47082101801746135,0.7940234282588796,0.8840580946312435,121.16702,2.0443332
0.3995937051664159,0.9248813070158337,1.0700446377704504,140.16336,2.8579023
0.5352531612015456,0.6338450504131978,1.3644059378773785,119.79969,2.7810254
0.2565753336714418,0.7107338213455767,0.7083593961412253,154.29565,2.4593394
0.31738456181658986,0.570998188144181,0.6909184824255067,167.6798,2.2081878
0.3862152308307261,0.7771609868811726,0.7093604642591125,122.819786,2.176218
0.5073788852192043,0.8826383001580164,0.5524137150544324,123.300385,2.6337173
0.35337109143596357,0.5772360024701604,0.7201123489165344,136.29976,2.358317
0.439834358754452,0.9460648571647835,1.1688957415085384,116.48031,2.173227
0.4628747393961615,0.6220511282865969,1.347899665820401,110.06742,3.0123332
0.4471015846169648,0.7055818523514946,1.2390410711729705,149.01044,2.0970838
0.4954140352537906,0.5688252898366574,1.4687413658846742,166.49432,1.7160683
0.2588723389480147,0.5502911875927247,1.4593111160889116,159.7748,2.3944767
0.45511265143131396,0.5698671774216283,0.6855498297134817,153.516,2.1078093
0.3459621638577489,0.582823828271942,0.7167937141490838,149.57793,1.9930818
0.39879396857878713,0.5899028284779786,1.4842998164064953,133.7997,2.6643248
0.5274932749452007,0.8960593529773067,1.3888620958684335,133.64642,2.8995814
0.26432269214446297,0.9202809515720429,0.5016904250890103,133.29077,2.0864418
0.34373475254570895,0.7943561129881773,1.4601873629558293,148.69267,2.0242538
0.39547163722961354,0.6772379744092316,1.2076778300667979,120.32044,2.0837824
0.544280790874536,0.7472256106410123,0.9943304181404063,163.51614,2.4409928
0.34090729942598763,0.5732037884772272,1.0191289686238232,169.09134,2.3221064
0.3333370105776673,0.823564942413173,0.6148510535817591,160.35994,2.1912675
0.3287121368423125,0.6366717178769995,0.7263147085558934,155.52759,1.9131173
0.4992219647980318,0.8250291963419949,1.3274935429354235,174.50606,2.0401754
0.48087132344395694,0.744465414786087,1.4576869632140381,129.33824,2.1499233
0.26622732498149665,0.6603500789291487,0.5986670461299595,134.75912,2.6047542
0.3029135633452541,0.6223952770577752,1.115690674374565,136.52974,2.330722
0.5360034091372864,0.6498710406385563,0.520702950321164,145.677,1.9493634
0.3838693990565981,0.7041807326754089,0.5725581686443705,141.24684,1.8563728
0.4829311695855307,0.599349707886162,0.9936787089149259,134.00317,2.8826964
0.4645900986937305,0.6935979053545922,1.2077793094579887,165.10635,1.9605494
0.48294855738392767,0.6439331504427928,1.0958732811447152,128.66591,2.3786426
0.49847644721286966,0.8976880202344779,1.221763851808479,153.43213,2.1684022
0.29614307180828864,0.6181269659128588,0.594227570075037,142.55063,2.0895145
0.27710872278758936,0.6516028856953602,0.5311026475353119,148.42647,2.31464
0.45663036802749063,0.6208950868274609,0.7328203608721587,117.45156,2.681191
0.4398837850885614,0.6595862008158995,1.3494494462748503,170.9066,1.6295897
0.391582993120863,0.7802615743994088,1.1185763774654154,146.19804,1.8975083
0.46086038383014344,0.8787334998183445,0.7934050345762835,172.51006,1.7807844
0.30891791933434154,0.9478588492099604,0.6376505028022347,115.61224,2.4493675
0.2882626077754604,0.7415339650717182,1.4066816512873772,163.66132,1.676341
0.279327770571712,0.6668243053288972,0.823961105801632,119.67904,2.5498767
0.2788649582600935,0.8108161039626599,0.5254665816338334,109.53696,2.6160185
0.4767370942461492,0.8591675758616768,0.9172596168298502,143.27246,2.467334
0.45534777128783577,0.7123473096541078,0.517330133073824,153.17104,2.3072262
0.4356869153135432,0.571732316675309,1.109160668703709,129.38788,2.523098
0.43581946890581724,0.8611127102105449,1.0392409108949252,136.61966,2.2911766
0.2701940185831359,0.8813878878268253,1.3106138646980035,109.266426,3.098073
0.3226885595470449,0.7566539543846942,1.111443866472355,120.78353,2.916764
0.497177934953615,0.8872325119068356,1.0229696324065172,137.03716,2.3725982
0.43100775361145205,0.6340481606660621,1.148054526045553,142.27643,2.2135587
0.4587936490169039,0.773678388073389,1.4154329657635194,160.09209,2.2260394
0.35131518719526167,0.57941803693672,1.393040016546866,129.2972,3.0719764
0.2875391609446952,0.5646160610512487,0.8540850597252609,132.76663,2.9411392
0.40403458528010683,0.6353913114879911,1.203147343647776,141.31023,1.8603534
0.50708892089845,0.8191020071300648,0.9934742929807022,157.89624,1.9697814
0.390413066390454,0.7816066489659138,0.6213898072358313,149.57628,2.152903
0.45776973653664055,0.9254473043064922,1.1434417344145682,109.946106,2.838413
0.30150992209192234,0.9142341478591247,1.2281078722139873,137.1687,1.9227321
0.415284343519728,0.7840384203372589,0.5753872191043105,115.5064,2.906418
0.32153549047109053,0.7880061358304813,0.5085538675973955,158.56924,2.4553235
0.48306964357968785,0.6346451492864558,1.3210502814778702,147.98833,1.7372324
0.43784161601142124,0.8018755939969334,0.5743457909448466,137.61182,2.2583559
0.2542377394660953,0.7680676175310742,0.9901435951768308,141.8018,1.703808
0.29233409694224133,0.8729495859272636,1.4878683999930753,163.66599,2.2978992
0.48732757742400523,0.6756962783181061,0.8515487357500529,106.30019,2.191188
0.5212730600594813,0.5758677455888541,1.2491317295627713,165.70163,1.7505027
0.38790744453024995,0.8625584962223491,0.7517446888660887,140.00201,2.187904
0.276745377523964,0.7309363818063989,0.7101805538196119,125.64736,2.1124134
0.44185218815131766,0.6727177832102772,0.9878018647485518,122.731926,2.5079548
0.45293748099551867,0.7304931732537404,1.3591680361007106,140.6039,1.8777959
0.418940629450095,0.7893592649111596,1.292435589796589,150.65378,1.9286315
0.5255256516226045,0.8077406014719803,1.4066254452523839,149.52634,2.2515118
0.4378551222480873,0.9464925167817859,0.8113072628375416,132.75728,2.8673072
0.4802689909887824,0.6103580736590719,1.301900019634357,137.21927,2.3390186
0.4825586774108914,0.6478037666400086,0.5088346918596236,145.35568,2.2581842
0.4171841841586739,0.8289038016937411,1.1052141383209224,120.54277,2.1623
0.46455104295191024,0.6337922114254696,0.9455885396872495,131.14806,2.456371
0.28871807539513994,0.6866930102339905,0.677000670496628,160.74243,2.4779658
0.49473798315068024,0.6714833847073363,0.9132578668153627,169.1455,1.7371516
0.48449012033965694,0.804161631947627,1.1097767858742018,139.84315,2.034369
0.3650668037861353,0.6192209634037373,0.529302265818566,128.38806,2.4050674
0.31802824816006214,0.806558577457297,0.6913289687208112,167.07806,2.251451
0.36392220558985555,0.6239070959304912,0.6880635926757661,140.6294,2.0618157
0.40596725125784844,0.6768044777655129,0.687511315560253,134.65588,3.1017168
0.40292823952249146,0.7565079654410509,0.5892980600663189,122.212326,2.6112375
0.4987634940539153,0.779739799612593,0.6401182443155935,162.25203,1.9439994
0.3554223838759337,0.8536483077851151,0.9121827683787549,158.64056,2.3525279
0.34736854722451194,0.6965365037756109,0.9151489239938104,128.34583,2.3138251
0.4034675897549823,0.6371009875599932,0.7899533931226853,166.52904,2.1891341
0.3995290069521626,0.6302748552451393,1.3048817159062684,148.91608,2.3012311
0.42591794699196417,0.8963702921379273,1.4453393112120518,146.00479,2.2275748
0.28417100700069714,0.855825834385485,0.9399615282204492,161.01744,2.3407872
0.3577593140473383,0.6014841130224087,1.3555339295122835,140.40503,2.3487656
0.2510505895267695,0.5538053690650973,1.2576634599758876,150.36235,2.4360766
0.29956887544014504,0.6617199714769685,0.6209980723085075,112.89857,2.334631
0.2792754869408819,0.7525596684667161,0.9095508141707983,151.31943,2.1580226
0.4424668716684944,0.7846756191527009,1.2509233349928077,172.79953,2.1145713
0.32265947329770145,0.6172317670996038,1.4454317902455736,124.4849,2.4093063
0.3567240736717036,0.8003815041738043,0.8025156960859988,152.50122,1.8533944
0.2876366506225525,0.7304371538273409,0.9578915153513003,137.87115,1.958621
0.4344085432872723,0.7393243291689685,0.6051688213511254,152.26544,1.8791066
0.2680503466316025,0.92428172960145,1.2478230333712546,157.7729,2.3701003
0.5351382999822106,0.7416192367025318,1.2948766364974404,162.97043,2.0663197
0.48810041563157747,0.5956607524416712,0.9247008143319505,139.69542,2.6439543
0.3747354694305678,0.7325917293820486,0.6523113905934229,138.23357,2.0162258
0.5396269565829694,0.8187181443054778,1.1820056715074099,148.36845,2.5225575
0.25195503544020154,0.6994921042880917,0.9063097822943694,154.70592,2.1024237
0.4649225830252987,0.5757976703458432,1.389320464299829,167.16905,2.1439054
0.5149946554072011,0.7843788915526881,0.7309256295909679,166.84633,2.3295014
0.41523795389318396,0.768280822328417,1.0373238966529041,129.73097,2.201761
0.4295643113273955,0.8303947141504744,1.2349996636050427,115.761475,2.541413
0.5293413283710103,0.7707192463329144,1.095938958278422,163.75114,2.204926
0.46860140237870673,0.921885334571849,1.003959179016653,125.501076,3.1013005
0.33896944177660776,0.7398729041541733,1.2259005260263716,157.88098,1.9709103
0.2943030036703826,0.6963555408136878,0.5812560012638097,128.50247,2.7058945
0.34019633977964603,0.9245658472537519,0.8818388203000557,139.34674,2.606991
0.42958601563164356,0.6682658832977161,1.2653571183356447,141.53252,2.348707
0.2970517211168077,0.8106325102611611,0.5940520575730374,136.42014,2.1736803
0.5003204716512453,0.7177523096373691,1.4766294053882163,167.70026,1.6355857
0.5333191091375669,0.6288601301694157,0.7148354749986833,160.13814,2.5049424
0.28149424950299234,0.5689665722897814,1.2032924017253457,139.48846,2.029271
0.4120302746663699,0.6722067381010648,1.0664476453399954,139.41473,2.4990592
0.3615853304230327,0.8263727504057694,1.3702279749552067,141.4288,2.2870374
0.49070532452704974,0.7851801377050768,1.2979810067209203,145.01735,2.0024343
0.3727311052028079,0.6208015025459731,0.7478627539631209,163.82854,1.7454152
0.5296519244216926,0.926245979612862,0.7736766353280997,149.12901,2.868791
0.33903494889873736,0.7672830040111864,1.0564770894842899,156.50041,2.0633667
0.4703473537479427,0.8180878042177666,0.7810402832435862,137.00342,2.2871654
0.43412206858422664,0.9128743277273351,0.7741417473243005,166.64313,1.6146857
0.2529824156310294,0.8878998580247937,1.01065056908711,151.85205,2.0393686
0.40200552857703664,0.9363173983759757,1.1545224081117311,127.68651,2.1929564
0.4105226351456167,0.9476855034535988,0.7411318781685661,134.90028,2.3849018
0.5054982369145471,0.8426105881875563,1.30807053268965,119.93348,2.9165244
0.37244742605855125,0.8670529159099787,0.9523919616692135,168.28629,1.6356308
0.4409386561846724,0.5527962930555272,1.2880246022593573,107.84003,2.5548904
0.31814739563184186,0.6801388981891002,1.1725442554344165,124.85357,2.6567512
0.3472732228273616,0.8519124649586078,0.5679971024259342,142.6437,2.5050461
0.34159305677892476,0.8141203218010253,0.5291294627959097,164.76425,2.4003942
0.2857419592030112,0.9020275423708739,1.2703044805284662,143.85374,2.1335075
0.5090435125382236,0.8608557723104292,0.7241158789765978,144.41335,2.4059358
0.2831101141364106,0.6885230731461524,0.8596303321252136,152.92642,2.375362
0.4406315350367417,0.6075556530594378,0.5194943517393203,136.30856,2.4514499
0.534359418246262,0.665933216452675,1.4258465522491535,164.72388,2.283268
0.2921434188785576,0.5505240882796625,0.7285742811817234,122.76119,2.2017112
0.28179177272214867,0.6556922676238788,0.7502205054529175,172.86566,1.9322094
0.35241793201499594,0.6335670426051473,1.1500744746315303,154.68106,2.1638327
0.44428009843575667,0.854812632404676,0.5199452244366262,120.52866,2.5499344
0.4617886811483476,0.8899699293168071,0.6400942058052943,135.7035,2.937507
0.32584800463637553,0.5984007532957365,1.1662363308096302,124.81697,2.60178
0.3640552755664538,0.5843094181608989,0.8647267340585926,139.55615,2.4336576
0.2985654124201324,0.8609667636311584,0.931869639870687,124.35049,2.2096481
0.3616479040095987,0.6179752332905498,0.8102785214286631,141.78853,2.3920083
0.3411378418636609,0.9306417746585156,1.4649413443500914,129.82971,2.6647742
0.46738464708488536,0.7215681208232512,1.319560522670523,163.68013,2.176258
0.3125642522004686,0.6654113661088964,1.253148050523774,157.34166,2.357074
0.2882059212587713,0.945369874054978,0.6978422686461255,170.9371,1.6730794
0.4046140191980567,0.6153495323118325,0.7483540273556527,145.49295,2.2450783
0.4360376941789592,0.5628691726083651,1.071662654059229,141.7762,2.211674
0.49732455315032414,0.6734947615103062,0.9831760602409333,113.95786,2.3393893
0.5135144277109711,0.559002677573742,1.4799893983791743,147.7237,1.6732702
0.3221515040331288,0.7196464323061413,1.2123029501425902,148.08618,2.0672154
0.34598641339554886,0.5693414841047216,1.2564631835235964,144.4507,2.315133
0.5330482216708754,0.7616299868159263,0.9280502437503912,170.62726,1.9783256
0.37818693803835635,0.7191707754404236,0.7634098014831409,133.71547,2.7290604
0.2691126553805112,0.79638959832718,1.146826829411244,171.07509,2.1109228
0.298903759989596,0.7360455759217328,0.7448002573940465,150.70609,2.193195
0.3887435233873341,0.5817761340895026,0.685440216599354,122.45283,2.0925019
0.3023230926605831,0.6505570152029594,1.3445032835793889,121.163086,2.6909373
0.3259311548687349,0.697983446170776,1.1730257036279987,128.28181,2.524756
0.28342646683385253,0.7031283800390188,0.6762810044003537,126.13174,2.1760113
0.39836537662719324,0.8135977603986624,1.3647478985510364,159.52684,1.7055837
0.31686705862101394,0.689514769927224,1.04745096822673,125.46539,2.4372892
0.527698042769573,0.5983615627006662,0.7866639755940783,144.1625,2.8026605
0.27761492258027176,0.8516113945431404,0.9569023538673711,146.5394,2.7409675
0.2911759469878195,0.6952821092032302,1.3310566882199624,113.84022,2.36501
0.5343382395653624,0.9003302434219205,1.0128380571572926,127.80422,2.7593827
0.3500501336146085,0.6595849621193124,0.6096640803472549,154.0478,1.8611468
0.54058915828049,0.7257198924918876,1.4519395853089008,144.57855,2.244664
0.2711438822054564,0.7358576191407519,0.5327480718972738,132.6975,2.3015823
0.2940618374246143,0.914736340023627,0.865254221881834,149.97568,2.4721534
0.4828024263573482,0.7102301592421143,0.8794176834742546,125.44361,2.556333
0.4996199566435301,0.8164511114280961,0.5848350165166298,136.98822,3.110424
0.39439743774384217,0.6245573378222299,1.2538287926819511,136.37521,2.7232192
0.37420407246356036,0.6764724214112157,1.4825732000392886,121.91214,2.248864
0.49394515224904956,0.7149978042959578,1.4358709597038257,173.49661,1.591229
0.5168034774869161,0.6419383556342122,0.5973582090113644,119.6512,2.7454076
0.4450916564940802,0.5682817555985125,0.9580337196714268,128.53229,2.6959858
0.4705990936403635,0.9050487140397083,0.639501411427071,132.81541,2.333073
0.28788358299910544,0.7168656587622766,1.009254199190428,122.416084,2.2508445
0.458691051552015,0.8830605036663141,1.3367177198876206,158.92374,1.8671948
0.31438145552355384,0.8297961793809308,0.895310546651899,161.8954,1.6755883
0.4143603229512969,0.8615391498213512,1.2251008969179165,162.29501,1.6067774
0.45509305301999525,0.6441861155586016,0.8089735017626303,128.98756,3.054922
0.39014867986751445,0.9083748900966071,1.1927139525837476,154.74838,2.175452
0.5048906258573229,0.9095975202186649,1.450734525996335,121.04123,2.2700157
0.4232883671299374,0.7950426189594416,0.7279978422681244,147.97424,2.6272166
0.3132875543294338,0.5784062088402362,0.5050002319552629,168.6448,2.3228133
0.4057905478680841,0.660745250604548,1.0255560872210814,155.1857,2.4313254
0.415073691315206,0.6627197130782018,0.8583427227043151,138.19043,2.7656083
0.44801773268738565,0.8796702621049894,0.8239858746860639,156.28993,2.2233949
0.3278625002007083,0.8218795843293826,1.2126418691502305,136.30544,2.6110675
0.3839293125192823,0.7058958722302372,1.0837833163647517,157.6823,1.9459784
0.4890068288818001,0.6650084347569413,1.2035817129400543,163.53802,1.8491156
0.32869605335227886,0.782773808582411,1.1635171347353792,135.30067,2.9469697
0.5302055235488949,0.7553373088669646,0.7224670949625872,165.38193,1.7388768
0.4414185637796909,0.765814177311906,1.2262003015269825,119.21896,2.2029116
0.2501293718398659,0.5751839958325293,1.20049898469363,145.21822,1.6839161
0.4330728407273936,0.6426523429045302,0.9334227884326118,123.08298,3.0047867
0.5348698773278706,0.7968186202170986,1.2850709107824003,142.41727,2.7816331
0.5159886154683305,0.7334336367871404,0.7831073387986246,136.2701,2.3227527
0.38749362051251324,0.6334093596668371,0.5140878479535722,132.97296,2.8168478
0.34881294092287163,0.7765107112660942,0.77749901386443,106.27598,2.859352
0.3760573928672736,0.6565811971968074,0.8244415287795909,115.32417,2.262976
0.26564039981086474,0.9181670999701737,1.1532062767893887,127.894005,2.5296924
0.47738017622915285,0.7249051787164014,1.1883668725273158,114.76262,2.2268908
0.4834683009481566,0.9430365534816435,0.6094506619850981,160.34523,2.0047402
0.40247786303438327,0.7518351559338214,1.203129804497922,149.10278,2.3903947
0.30316267082292014,0.5863783589493285,1.370347896780801,154.40459,1.8616295
0.437743652627249,0.9022610160243818,1.4215977864729477,135.30487,2.0308156
0.3831129756313357,0.6529331468189656,1.3238482831332348,172.59416,2.1196456
0.28280378717644805,0.5565929932832402,0.7986116436642422,131.16638,2.3202517
0.41490905232622066,0.8532952516523673,1.3772168978730064,122.207214,2.3715694
0.5186269758313025,0.8228672288117156,1.2300351605679154,118.49111,2.8140788
0.3906947980985671,0.5820714641780381,0.5983896622754046,123.37278,2.3818016
0.3078311761862066,0.699711345884477,0.7106331137755812,145.65363,2.8150098
0.27938498354231606,0.6670428458844274,0.7520611359115987,111.51257,2.953963
0.47013543295163335,0.7161585072870641,0.8464915066178659,111.79297,3.1008859
0.3020746022394951,0.6907651662247645,0.8885284726047572,151.86732,2.2514553
0.25154740753354676,0.7768754588536202,0.8774200735958334,142.55034,2.2259607
0.45520568643600434,0.707313346958831,1.2527910221722636,130.73228,2.6807199
0.32456205188407367,0.8403473181787589,1.0763854486143587,140.79243,1.6677889
0.503414035880651,0.6786461905838107,0.8126365060915678,119.33362,2.0723722
0.41192998940213865,0.776744345250664,1.385721213097063,139.29668,2.062207
0.4487696150521717,0.8534975689318129,1.4929785976973942,110.81843,2.6693244
0.3638837095568512,0.6541666356621879,1.164185252602203,125.302,2.038574
0.47050450246859443,0.6382099287189394,0.5942259688490829,162.51369,2.1223383
0.5029139870807673,0.5682325153187717,1.420957686412034,142.13864,1.5941513
0.4992793061313207,0.7451152133930281,0.6818474995185237,153.43085,2.5385864
0.40543309360836144,0.6267530783771343,1.193104327183701,129.02043,3.0055952
0.38309892285593056,0.6604038874660146,0.8912086421706238,164.82393,1.5839702
0.4799678615702731,0.7679148895093122,0.6160179298716355,122.23712,2.8419614
0.5407306241265015,0.6078219446666095,1.272873114441399,164.9809,2.2801406
0.4959871786969926,0.8862730941079786,1.0504348336119753,139.3974,2.3765724
0.5472312330711958,0.8198775777215623,1.1357892765741262,167.65788,1.7364041
0.3928130206200096,0.6813891835614468,0.5102653720265184,174.49768,2.1411152
0.25111664945188783,0.8360326032981866,1.343671421440611,138.6751,2.2664473
0.48969220938061564,0.8025559384302683,0.8858843758476912,130.25093,2.2848568
0.4220582054641224,0.9382919157831389,0.8656790064984707,119.90999,2.6377368
0.4559360563540072,0.617101862945332,1.051281482189581,147.61548,2.3735287
0.4152507922818727,0.7912706156710676,1.1016992819035833,147.29745,1.7679595
0.2999696939998845,0.8946306525602128,1.195152919391059,124.264915,2.319902
0.2678743992642959,0.6998894245448715,1.2518921401166208,120.95362,2.6882708
0.28363055314933394,0.7198371008565994,1.0542675252104576,126.52494,2.2823014
0.2584668748736106,0.9149671934982839,1.108760568930713,134.92108,2.9630618
0.5497898337824922,0.7975136844186401,0.5929749502518764,167.90482,2.1398404
0.33082406625544597,0.8971776266958581,1.1070280279555944,147.45499,2.1039453
0.4403266447415367,0.9204401220361673,0.5348681779367912,137.79286,2.4625409
0.4330920985609302,0.6813236796267328,0.7121188417950202,114.213806,2.5564456
0.28957985373650147,0.9203594722196113,1.3946205484178518,161.54437,1.9132396
0.49868548311613714,0.8459402507349882,0.9698255686196753,158.60696,2.1829004
0.42868341033952084,0.5900133485123904,0.7392276773939703,123.46691,2.9756882
0.34071646497883484,0.5762243545084479,1.0306754296584775,121.125465,2.663208
0.42093528339108455,0.5776815767194308,0.8940473795328603,120.5506,2.550286
0.35823102546640456,0.9183109235150017,0.6258145360363178,163.0586,2.3775501
0.29999505883413435,0.8042133270551304,1.2342707546982399,139.95937,2.363762
0.5158044487350963,0.7102646110225787,1.130544291780188,136.9184,2.178133
0.3401173574983104,0.6725071692473568,1.3507119344442167,162.58913,2.295011
0.317661444255371,0.8575263856968551,1.3725300110637155,161.65886,1.7189362
0.518254322563388,0.8154405862563523,0.78381128756851,131.14862,2.824196
0.5474136372353322,0.7851730999191849,1.2492418101149538,154.44968,1.7636613
0.3270192977665802,0.5558431630900909,0.7012665157616779,171.96544,1.7403529
0.26946367862509024,0.9013128315532095,0.8147645134843232,110.83511,2.2067964
0.27184675437493677,0.7910955430181282,1.0776958878105847,127.55974,2.8728957
0.4945037625481835,0.6486933968679242,0.7279136361052037,127.249405,2.3600204
0.39135359339724207,0.6561324565962141,1.1164666137127637,142.25969,2.1848996
0.506292139050945,0.8966826908507828,0.7705968996948601,159.31406,2.5461879
0.4981680604436649,0.8955865848034297,0.9641863772498532,141.9645,1.8308829
0.33557793169656,0.7374589636750128,1.2264931853781187,137.52782,1.9663795
0.3634783797672604,0.6260367764174626,0.7035072232961606,132.3616,2.0865507
0.5259425355040004,0.7617021312396524,1.4437655911271627,160.90224,2.4998827
0.5403917551422934,0.6738421838483781,1.4112522055715266,162.53146,2.3346286
0.38391986354420793,0.6012698977275605,0.8198190131627204,123.092445,2.5311267
0.31541963790181415,0.9119818518606035,1.4350231323954499,124.568756,2.4397736
0.27334998528330756,0.9412245425707728,1.4564501199546651,105.70069,2.52591
0.5458064941488222,0.9303160943453813,1.140312915258896,167.95247,2.2560306
0.2602590140013596,0.6498567563477394,1.1628757533249439,154.53294,2.373773
0.5417945567688942,0.6160559392964312,0.7725560123713942,153.5158,2.3834078
0.2506002488674116,0.6766115910892792,0.5249010201215076,133.6277,2.3350585
0.4225132744475695,0.9328150499817951,1.011528228467042,117.5786,2.3558612
0.29298232480386655,0.8041224463742696,0.767318597298673,138.38539,2.338659
0.3899340890893955,0.753170974483116,1.3050406146774292,174.5944,2.0631118
0.48722686580038366,0.6016556620778759,0.6284864080298682,140.8339,2.1946034
0.4612721749708656,0.9480754526752171,1.1964989822631862,138.88924,2.5897126
0.2937747978260953,0.6940038383062741,0.906805753991681,126.81851,2.3067954
0.40766553265083794,0.9105599547282538,1.3048203186049472,135.1284,2.8962371
0.26480702379383136,0.5655195025442344,1.1368199261560563,124.29808,2.3095107
0.48886251936921854,0.6870586627752491,0.5904421414864109,152.08131,1.6154114
0.35459252536635977,0.6300540143249003,0.5825547438159366,133.18137,2.0433588
0.2855461512606632,0.7472453277512423,1.2464560027565583,148.18028,1.6268593
0.38711830559319216,0.8619707901938234,0.7974561304297347,107.13094,2.9332492
0.3957680059799592,0.7412208928232067,0.557230738402278,162.9147,1.9716016
0.34860893592650305,0.6707107408148905,1.4382220381121122,146.28317,1.7358639
0.38214700759441284,0.8544761404085635,1.3672822381653194,154.09166,2.5514162
0.2572082655799195,0.8392095460714515,1.0720082116064584,140.41095,2.390393
0.5298000382279158,0.9132142358569661,0.677381115029126,116.07212,2.8943572
0.2579195155968504,0.7759681500609206,1.2506863009177382,132.04689,2.7553878
0.4225744619475771,0.6470989175057635,1.0057903380981972,116.688034,2.1389542
0.5378195111343896,0.7771203407537605,1.1615928900649024,162.42998,1.9005483
0.3723217083302407,0.7515203020463379,0.5356627807536967,148.0288,1.7732431
0.5016106437605365,0.8617094995237278,1.1274810380639626,150.43916,2.1351428
0.3803259309095705,0.5522003151461194,1.0164650403326299,121.39868,2.244745
0.49607647987985015,0.6884515098921214,1.4968495595663045,127.76635,2.5758502
0.3417413722019905,0.8574579450792357,1.0648575231033832,148.20248,2.2060652
0.4054998829593198,0.8243070339875839,0.824482190793281,125.29863,3.0859025
0.5225791581041574,0.6649084011727576,1.166268075674664,109.24282,2.3603292
0.3760599231951891,0.7068180230488208,1.495185196218078,150.12389,1.9439907
0.5296448972278657,0.6007047861481484,1.3289007498788348,139.809,2.86216
0.30490898273601214,0.898421122991355,0.7157942800722985,131.59126,2.256498
0.4533501971787719,0.8204039922748181,1.1588107153821074,122.79103,2.0038533
0.5042436621518607,0.9171124533451243,0.8164571203986963,129.01318,2.7107084
0.5393636483396498,0.7682362135021541,1.0888605873033463,109.58115,2.3516002
0.43994893658648215,0.6070261198808382,1.4593088430382757,154.51347,2.0151494
0.30019480891850586,0.895394053416185,0.7772146381273933,140.79527,2.227586
0.2927150519332792,0.8513017028392016,0.8057750005604876,165.49258,2.2586806
0.2581038044312381,0.7083421264439994,0.8806136069107368,125.482704,2.2735004
0.29630263320396877,0.7341533987249801,0.8476358548561895,149.59521,2.2052505
0.39843057232363244,0.707525300528288,1.2112470728082974,143.9223,2.6469612
0.4053125536072186,0.7197344046787216,0.6178175756906448,158.44348,2.3458996
0.2510259799468625,0.61836612761714,0.5784450117823027,170.09436,1.6919047
0.3342677556016914,0.6782778906985157,1.1759292376671528,163.16316,2.2428586
0.45299612198144157,0.636973467198901,1.3057283228622873,134.00911,2.3056066
0.35720273555851156,0.843306308767922,1.137812589602058,116.77921,2.3997993
0.5251825717979464,0.9164315091761659,0.9019794015651514,123.36409,2.5022886
0.37444301628228893,0.9105409069414998,1.232203547442957,140.07484,2.5686226
0.30054467486838277,0.7730163040566815,1.0154123121304064,153.89204,1.9831799
0.3975267824429619,0.573299132951115,1.0309242332556408,106.732635,3.0047987
0.42404640350294187,0.8079721525608912,0.8084326722213638,166.8129,1.9534777
0.26194882172566564,0.7114941405400994,1.2893769278265537,139.6967,2.7453148
0.5113316923323249,0.8213137335122253,0.8740036625718525,131.67389,2.1656911
0.5322795218164385,0.929216697708129,0.5476395779471693,116.26617,2.284099
0.3604702291627815,0.7263179260974544,0.8515834894194622,132.35213,2.878163
0.3629280550273314,0.5772418741525803,1.4326622673990035,129.47498,2.7963479
0.3150972433297387,0.7920616363871974,1.1066836159784386,124.452774,2.3075428
0.3502100188100463,0.790805523796933,1.4127738626690094,145.53957,2.1770167
0.47625608694278504,0.8041424555765659,0.5425303451037737,142.70055,2.3817573
0.5179735271944602,0.8614941366386375,0.7643260959693109,162.85966,1.5902777
0.37117566840134186,0.8528412722727704,0.8103567073492872,119.16153,2.898648
0.4827631637911103,0.8774289922659377,1.2546220909641446,135.67749,2.6319041
0.3414312460895095,0.8380227498946438,1.0186446866616379,149.02124,2.203685
0.45003511020050346,0.6299625437891164,0.7119685556824048,113.40297,2.4782197
0.28193020458867946,0.587577782059949,0.5163762626824192,166.27423,1.7210952
0.4758968683202064,0.6627583212762119,0.7856181912655635,147.85011,2.5263422
0.4129268855688165,0.655858484308231,1.0433370872417558,157.00594,2.4828632
0.5493752432177814,0.6642830533424186,1.374608160071601,142.18323,2.6176124
0.2564468734661776,0.6710008620200402,1.3518245627163723,144.81818,1.8822435
0.29426570391997586,0.8451343981205189,1.1175567271720577,129.0836,2.3367836
0.5226391385628059,0.822943121978631,0.7280849948849994,155.35808,1.9830247
0.491772241386832,0.5783266166020656,0.6116307191298761,155.02101,1.7501477
0.409974957678641,0.8466629657910949,1.217019451175597,164.25902,2.1474395
0.4181406293038513,0.6341689352264057,0.9881193759613711,147.50253,2.868958
0.3126661223597547,0.5822411813835799,1.2293167130653697,105.121635,2.6770918
0.48467515747305484,0.9378315343482286,1.3420677096818512,149.2083,1.8380643
0.4662087840155055,0.9352844894197518,1.2820051707381772,155.6057,2.4674897
0.4034319766294319,0.5988858481335401,0.6786210914142233,119.646736,1.954084
0.42898492463432447,0.6547145536114569,1.208370763817928,137.03288,2.7946522
0.4375496643851877,0.8639381097932435,0.8402463243810971,169.04678,1.6183289
0.4613444041414249,0.8254863456868842,1.4303154546349472,172.34248,1.7764376
0.37689602700858904,0.565260413025972,0.7537818287082845,113.277824,2.7696393
0.43509420505187013,0.6229876062877694,1.286172806941201,145.69481,2.1151764
0.28071607822610406,0.755505814432184,0.9427610454446224,138.04541,2.2928731
0.4277885995565458,0.8387150977093787,1.0676699617446785,156.02505,1.7493637
0.4655991516454415,0.6196485837275767,1.0122081664586247,109.13142,2.5538836
0.507968768298964,0.8556784787272473,0.773208507641258,160.90352,2.220082
0.3613308303253481,0.7846302342496055,1.3924909661803873,109.60877,2.5551648
0.32408981407614335,0.9122302572360086,0.7589645582080305,163.09387,2.0497036
0.32222886349534063,0.5590094700509144,0.914940214353424,119.92683,2.751497
0.513756518521485,0.6519435651799157,0.6859708673007279,145.21538,2.311671
0.5036139810112195,0.8091591805326042,0.538590437519677,153.04898,1.8855978
0.4609447828701924,0.9208600367369825,0.8568601703206161,147.88379,1.6202132
0.3223418921096492,0.8754702979825133,0.9181107422394337,116.13529,2.5617943
0.2539822447788488,0.7404071161994604,0.69470637155181,133.29974,2.4667747
0.4092260901966711,0.620293811566271,0.9588615428009044,150.30956,2.465642
0.5194972780330401,0.5826981809917964,0.7984137987722976,169.5458,1.9406015
0.4936363580253117,0.6038610349395644,1.3025259718949618,143.51607,1.9038119
0.27351411807483517,0.9038498330705571,1.4616234956530216,159.70525,1.671168
0.47692942205718103,0.8841501393744062,1.2201525475152568,109.31001,2.8589694
0.5085512755791094,0.8451370174010473,1.0454219832829137,150.8223,1.9793538
0.29769968854293805,0.866405533174526,0.9753210154144109,170.0733,2.0421042
0.2521299725625469,0.6253124832525352,0.5356249974169609,135.93367,2.3244832
0.302004421713219,0.8744420083903086,1.1743741850072649,156.3196,2.4575655
0.47172233121037804,0.7166135032043764,1.1216828962463412,136.20116,2.4976213
0.4671069328800924,0.6061572507041575,0.5770578530203543,138.83624,2.2554681
0.42085585769418243,0.903729398252272,1.1597584151897766,156.12471,1.7345682
0.29839763585690793,0.5880545249948183,1.4798449088406076,135.78246,2.2177405
0.5392789364948257,0.6984196071922446,1.250019517430535,166.15573,1.7686667
0.4401537660331972,0.9341640777511961,0.556640165339374,149.75504,2.1306586
0.5226749325952675,0.654991790602561,1.1412012551158623,139.1913,2.9703872
0.2557240064292883,0.6885088351928632,1.3734542616274377,117.879944,2.4571104
0.45682602339946843,0.8261278618683154,1.2452588577939538,174.47061,2.1935642
0.41551596997945417,0.8286301745805793,0.7845617977394127,160.59424,1.9378936
0.47042414294506774,0.7161384875572598,1.4656439770545329,128.97389,2.3349261
0.4839806362610202,0.7502146231674285,0.7586003897553464,173.88547,2.2529497
0.25640103766179895,0.7062999545315249,1.0537334995052945,137.86378,2.3069277
0.3115955225350515,0.6700871275440062,1.2844292154914503,127.58656,2.5546324
0.3895378347198997,0.7569016780041031,0.8341738413295868,131.685,2.3706195
0.2801941470640411,0.9062565848208799,0.9049438946553485,116.80671,2.9206293
0.41533444656682017,0.9339499554363195,0.8430722841742606,122.334114,2.8529198
0.3399429497005786,0.6827918124424437,1.169141527505128,153.23894,1.6522117
0.42357367396770373,0.7806573802141629,0.788892505163455,153.96219,2.3074172
0.3298282814037843,0.6968266787952415,1.1314141365951178,162.08176,2.4940672
0.35159819691741184,0.8505122208763547,1.071291580829738,150.43443,1.8836429
0.47597765573046275,0.7603119973427983,1.334387102157361,150.72452,2.0291114
0.3566723557845674,0.855306586433044,0.785591608968922,144.63416,1.9921079
0.38077416370279926,0.5957825666768979,0.7990413737144059,133.23181,2.420409
0.38770320516857654,0.8140690799989297,0.5765837536165194,123.62571,2.193447
0.28318334421696967,0.7951977702520783,1.246074709320627,137.50919,2.176421
0.49564268982058657,0.772574154935302,1.2255016574590867,136.45216,2.4610448
0.30026622022511057,0.9298989302867986,1.2615972079069642,154.7074,2.3180413
0.357383306100845,0.6551435947408749,1.4200408613313775,142.16194,2.0621803
0.38337281032946385,0.6892116803704668,0.8448016487294857,143.086,1.9552736
0.4425075574638261,0.6895142290827062,1.2015286586927667,143.3773,2.280408
0.3602265977731616,0.7310966194209951,0.9503547477715147,150.72826,1.6056318
0.4068204432579065,0.7402206278331517,0.8967138917215031,114.99481,2.6844697
0.49364356513428637,0.7387484474127979,1.16548850776527,135.18274,2.279254
0.40680473343762247,0.6969838742301996,1.1066075625853944,134.85324,2.4031212
0.4249345094521841,0.8108360024522622,0.6970172597598959,122.580025,2.4669628
0.3671197773346504,0.575058733094469,0.6269264235780359,154.69392,2.3277717
0.5147629374856741,0.7959871948931807,1.4388139685802472,127.14723,2.4704063
0.5347400006707497,0.8511046318452369,1.282405122698891,154.04533,2.2307458
0.2765783543998633,0.7345081747484123,1.2101068614658745,160.49908,2.0710244
0.26311130848130615,0.9194988488561877,1.4934817852924775,120.97059,3.0972114
0.3465885368402261,0.9452142262343322,0.7781658384275497,161.59508,1.9585472
0.5152306546585743,0.8018336716435137,0.5509411531394313,133.21611,2.8156154
0.287012994285808,0.9266872270800633,1.1211668072568546,148.61514,2.205473
0.3585434257830228,0.8359497596094324,1.1054667807820304,157.94704,2.3136647
0.35315635897219644,0.9477920921085978,0.5709606401441425,160.48462,2.5075898
0.5068485026847334,0.8049236340501353,0.5251376002543053,147.25087,2.5597854
0.4179084606016549,0.8030290324061171,0.8012527252988147,162.9097,2.0202572
0.5450460197215397,0.7498523278217242,0.6720116467944789,135.20357,2.623491
0.4043397311753627,0.6394935980554108,0.9640621277584223,123.78462,2.3356864
0.4570057604102732,0.8263242606218046,1.3585660035523928,142.5444,2.0166824
0.3821568228427731,0.6898023709086771,1.0135108903943688,131.12865,2.1476917
0.3741240690587068,0.6503193186637801,1.1349454845037794,144.97803,2.3227618
0.4771561222025062,0.6165167962141149,1.2601652181195129,120.97788,2.5478983
0.4114462442909478,0.8109772860015521,1.0190530697228894,167.43153,1.9181542
0.3644325644549756,0.5571086765644554,0.9444144660122405,172.45638,2.0278296
0.42190940696899304,0.5783485263815087,1.1448983980982337,117.96601,2.2309287
0.40738743583252457,0.5993168626026886,0.9007700421360266,146.90497,2.4196386
0.38203136395964465,0.9340220850063606,0.8844723702916939,145.21645,1.685665
0.3694651957867867,0.7372320432126801,1.394593262768907,155.52919,2.471281
0.4012021967261602,0.7428102537578685,1.0608682097496627,158.92699,2.5212014
0.27346245733216273,0.7966443756295096,0.7182400985806514,122.4812,2.6408808
0.39672793423277697,0.7946890916226035,1.0184494497704373,137.51894,2.550275
0.2913913305359619,0.7318560353350735,1.0383370811678536,122.18227,2.6555715
0.34408764972888367,0.8266500096434197,0.8980305386176783,146.40195,2.020229
0.298847970948034,0.6428000127653988,1.3247438562647464,152.5613,2.3242903
0.3841810517754889,0.7652607348212533,0.6500076133659299,163.68132,2.046642
0.32039355048345125,0.7231281207996686,0.6254689174270389,115.59918,2.915923
0.4962868327548988,0.7986726854264747,1.2590901796799625,132.68741,2.3565047
0.3119631506041375,0.8554030467698088,1.0068091296084458,157.56229,2.5575912
0.3350179221768344,0.8040089760865186,1.0019738145587,158.1578,1.6388643
0.4923851321017566,0.882255535336768,0.610613157553284,137.8071,1.9275321
0.4509274592880334,0.7109364987736493,0.8895773091820292,158.85152,1.9670293
0.4189130190207446,0.8877918582362727,1.102057179170969,115.07999,2.7330174
0.4663518933571271,0.7857918406311909,0.7448148717082481,150.8426,2.4361036
0.3870313518152021,0.9058734979490015,1.0793677994305702,155.43343,2.2288918
0.5020811925459487,0.6244193231659991,0.5634415239879036,157.65933,2.5495012
0.26485449748024054,0.7267197627385803,1.3415175934415018,172.72237,1.6229583
0.29399913344411327,0.7136286901621824,0.810258636987802,145.50821,2.2465472
0.26898250168467425,0.9179398246653898,0.5105722097976716,130.34326,2.5672584
0.3807323278190522,0.6043716280291157,0.7293416249657219,146.63956,2.2972429
0.31363930705070897,0.8396741317247713,0.7158648054297202,144.11821,2.490009
0.3740725173657588,0.7547868610625995,1.0161360994510173,107.32739,2.2471037
0.3639384901243903,0.7635032565553244,0.8648722766807324,142.87479,2.4876745
0.3378931883835757,0.9386651358025373,1.3240581361691,146.206,2.3763316
0.5284140713678059,0.7673745438108416,1.150832115354167,128.74294,2.6962814
0.28690000894786144,0.8857815149567698,1.187854741264355,171.80861,1.893706
0.4849994046837167,0.6452261166748838,0.5722106095220815,174.44965,2.0639832
0.48659219179486224,0.8659035151737624,1.483504343854535,164.0492,1.9423249
0.41972873202999195,0.864919350203919,0.5363879053217475,142.80048,1.8267306
0.3680617662457936,0.8651326310346534,1.0799802331013622,139.88719,2.2355232
0.38986292210085755,0.8704959939341415,0.7621405321595197,150.0656,1.9859239
0.4141058566469714,0.9261761926271586,0.951781574511089,136.03755,2.0777636
0.39148108753193933,0.913677156081057,1.0434500079974358,118.57585,2.1723976
0.5154520760492772,0.7617515711323644,1.1356991930371145,171.60947,2.3818986
0.3451072686511936,0.6970336043517872,0.852160849509063,115.51352,2.9961486
0.2870992697613062,0.7085120415747386,1.1063758548670721,144.39656,2.2035203
0.4842168712732024,0.9091159427774788,0.6683291562040605,154.57343,1.8164532
0.4883422207089758,0.6620769848365263,1.0453136235699647,152.74219,1.6413946
0.28508312692664844,0.8790389557921001,0.6668423388318262,144.62985,2.319258
0.3830517471325968,0.7916128730546471,1.2668931635389014,138.41823,2.7306015
0.3332844774929724,0.8839284696739067,0.5700210540191836,120.68245,2.851212
0.5351350174104552,0.8093619699391987,1.3582580485761033,143.28192,2.0052726
0.46610241321089935,0.7408141947774795,1.2429629635646218,133.87943,2.7945225
0.34999171286522357,0.8809333117212812,1.4415588825073096,152.96713,1.8756303
0.4642424627075346,0.7767929448571798,1.1460375887996452,135.5295,2.1999161
0.519282194020452,0.9021605595353891,0.880139900662548,120.0609,2.454797
0.3106904618919769,0.7190475268967229,0.5249386085587848,164.2919,2.2680001
0.48315631297539474,0.8491203807052388,1.0354801470717392,109.688965,2.7229538
0.408349953093047,0.6149735350530253,0.8363143837619192,140.62509,2.0813143
0.44053390910563006,0.6882974960412631,0.8476479041135255,152.00304,1.9224434
0.34933834521194884,0.6823382516067844,1.2043972128896416,126.943375,2.6787982
0.3193189168214272,0.6477531379597063,1.0019801257347591,152.80215,2.3102748
0.5369654381328324,0.9387667889966322,0.5187176177963565,160.90714,1.7663404
0.2938270900811619,0.893925654150311,0.8031945093562468,104.79595,3.1007774
0.2648228811525089,0.7246619655043987,0.7541968540554912,154.31886,2.5696552
0.36774806839502927,0.9425951622522868,1.0671275094663286,129.20027,2.2610784
0.3585732392252846,0.7910820155975733,0.5891485159435977,163.21234,1.9290055
0.5157077346610859,0.7175447845476375,1.1993334722668485,137.22359,2.2184005
0.4967402501249003,0.5976685302959738,1.1253004085837826,152.67354,2.3371842
0.33606897461279805,0.8653399577470513,0.6818628740249516,147.4754,2.336775
0.5111410485766323,0.7485138671454901,0.5616247150440725,127.806755,2.5436327
0.41418900134206316,0.6475013348102907,1.4353483654897734,138.06865,2.999609
0.5467708455411091,0.714656148316022,0.9906491203466089,130.12456,2.9164834
0.5107682267285907,0.6140063214794047,0.95646272238691,163.60315,2.2374265
0.48556676580216274,0.8887198232443474,0.5071060379698403,150.01341,2.532639
0.40211036471227724,0.5612005602513467,1.4313265358124485,111.167496,2.7183151
0.40623665459891967,0.6522063516146729,0.8676015753964021,133.63226,2.5015821
0.4934720536730524,0.7505337989056059,0.542473637488877,157.71666,2.2670581
0.27092205053740426,0.9050473607022429,0.9068120820591111,166.11916,2.27946
0.430868421667035,0.5939473376600493,1.4623410795777343,164.6484,2.2787347
0.28652181849253816,0.628376066259289,1.4424836947127124,159.26968,2.153304
0.5421172616319869,0.5748132300926274,1.20452987363541,116.179886,2.4617803
0.4088212369066153,0.6406225435059345,0.5829094928176585,142.54727,2.1580667
0.4736126686839274,0.7613356647706134,0.8982417804701902,130.08112,2.15515
0.40103267647886387,0.746421811671835,1.2657473878683514,120.12611,2.5054073
0.382823267556168,0.5562890531228903,1.029563477442093,159.54079,2.3539622
0.2666473877711802,0.8773040452996355,0.517763229230093,160.5124,2.4476328
0.4673862091112739,0.7083691910451355,1.2645801856735266,121.9157,2.1746037
0.26087330954176635,0.5584994798682845,0.6452146876640812,118.41581,2.590284
0.399510307274934,0.6887621389458654,1.0065934541639734,124.4379,2.525466
0.2688852556402458,0.9402801601465548,1.2601589900524561,127.53484,2.1214664
0.2580464872800651,0.9088797728024269,1.0869172750770857,171.14534,2.1585405
0.5375109234044191,0.8128869167633785,1.0094128961007214,140.44072,2.0421906
0.3263592455024367,0.567070461504818,0.6416041088063762,149.13371,1.8561802
0.5238259293001839,0.8752543179365733,0.533807865108171,162.27237,1.9111547
0.5389756721877696,0.8953969068076244,1.1958561254503555,147.66658,2.1992805
0.5339370102998249,0.7537762846577882,0.866357553201378,148.40532,2.5555654
0.37115675186250485,0.8530228535656745,1.3473159698313402,159.70667,2.3306165
0.33604266812039163,0.8471362846804326,1.0735069737185543,148.06729,2.1695251
0.513175806229945,0.9425364678981081,1.0089198151526846,125.403206,2.4914231
0.39114991016262257,0.8946772590259039,1.491004907109716,159.2583,1.8807285
0.39300999351385046,0.7924345851229846,1.4427839368649342,134.99516,2.1010373
0.3704781242741233,0.8899879726849389,1.4959717207170513,122.62878,2.8601913
0.5119512475642944,0.6381071917615304,1.0685026277471612,175.0052,2.293955
0.4305821000550534,0.8301011159308893,1.2484631203664665,173.09427,2.0944672
0.3194161927808219,0.8449087504332314,0.9345517507885814,145.35997,2.3499782
0.5227850708067092,0.9195554307379661,1.337993865120318,127.67394,3.0638993
0.352340339014957,0.6446013298813438,1.314223438007108,165.45163,2.2030215
0.49629226945327387,0.6262044875144026,0.742259211548144,144.89082,2.0699897
0.4660692678617845,0.8695420757394363,0.7535736195354494,158.38423,1.9324212
0.31515371361379385,0.6940176706076941,0.6465454392132138,138.58266,2.7708666
0.35055945192748394,0.5792383254570206,0.891633465212555,140.3212,2.6120834
0.2908424269932039,0.7122542611115475,0.5233545285111473,151.39195,1.9706354
0.4417713324738529,0.6265476815672035,1.04522656599763,111.92513,3.0161307
0.2599239501106349,0.5907389394945197,1.3639934601104011,139.1754,2.5832093
0.4396594290255764,0.6376648240248981,1.4153539022939063,166.63182,2.2832825
0.4484386536080076,0.750793701161632,0.985268147238687,121.27632,3.1316538
0.3478954010314381,0.8868722495826822,1.4291956778020447,151.92294,1.8844286
0.3158823958662721,0.7173314613592361,1.259527087295099,149.41219,2.738325
0.44404945123225736,0.7654636012421914,1.4464271762375758,124.25965,2.3355336
0.29557856282850714,0.8597005994417013,0.525194934654364,122.96919,2.6385694
0.4687769445204397,0.757482167416935,0.6853431709251385,147.21298,2.5124893
0.25916408155905307,0.855691043366354,0.749126084583717,136.65091,1.8744993
0.44037810389955506,0.9371782925618225,0.6914214675506345,145.09355,1.8529098
0.5116769835916815,0.7760558177894508,0.7679610018521552,137.82268,2.8555512
0.5029236674433971,0.9008843176854484,0.9734481592949203,153.36218,2.0211337
0.4925260051852478,0.6590803367842951,0.9192009322998739,145.54587,2.3896756
0.4481266174656725,0.6935173486357734,1.322994529566723,138.03886,2.3156662
0.5208171758247238,0.94984185834969,0.9040591842043767,150.6224,2.2501936
0.3725307705933307,0.759297300298107,1.3257828053925604,138.13992,1.9836506
0.42666192851809137,0.7578155163383886,0.586407875704061,125.11512,2.5465884
0.2940272353606232,0.6633694047194519,1.1853287499283556,107.94151,3.0247955
0.3947888751080282,0.9362765852665587,0.6966346208379731,160.03143,2.0501716
0.2621616859463956,0.6434451539667178,1.3394086137918513,150.14972,1.9247825
0.25386947716608055,0.6089029148309337,0.8495849013228127,173.60881,1.7330635
0.32493121842320605,0.9120801172641373,1.0988386468690727,128.63745,3.0687282
0.4675078539293265,0.6206864193620178,0.6496014203725871,147.03017,2.1256006
0.43064013457599615,0.6145034979615159,1.3860447239217193,118.71908,2.1007087
0.45322717918319366,0.6566140837377757,1.466489367686202,148.7372,2.3019462
0.45908085812383015,0.5986039973138343,0.7192918618364885,161.13716,2.263081
0.5142867153408631,0.9148695533379567,1.491683606077511,156.39917,1.6745884
0.5454939671815485,0.6593909852503507,0.6914079635538409,150.67401,1.6611527
0.2657877510154738,0.8888769447460296,1.3239534544647433,168.99281,1.5930353
0.4262621897956451,0.5523431625127152,1.1354130713389354,137.46346,2.2790232
0.28885674109421955,0.6266622898619614,1.3395630845733382,133.47783,2.252841
0.5476344931348097,0.6455552761863149,1.0864706886492261,154.48468,1.9312788
0.5023146258869042,0.8049462816352593,1.4781320946401197,151.29892,1.9860015
0.5396439251815818,0.7725394126116018,0.632383924985712,157.26842,2.3178978
0.3018580440733786,0.6547859070622613,0.5519961912353442,140.74811,2.19542
0.45355729264055833,0.6714624783031435,0.7579765081589234,142.41006,2.2953598
0.27969986362560384,0.9003299196606653,0.9863261125706843,137.7059,2.5199394
0.3134675223570973,0.7486903957205864,1.0897734336022569,125.68333,2.600862
0.5123852635087977,0.5548757189187347,1.2320463968614268,146.34799,2.5702562
0.5314694914675531,0.8250901341976509,1.484191280477481,135.38982,2.8322055
0.2700675856895526,0.6509073139254545,0.8065261233244702,172.87312,1.5999962
0.4540969522297922,0.7918443561915371,1.0702355008147189,138.10466,2.17413
0.27865502010260523,0.6616921488888398,1.3309714261857186,148.80525,2.1503685
0.42856500559901106,0.7881879717978181,0.8284172634799152,161.16025,2.2037363
0.4758700835772122,0.604936405883093,0.521457013185815,128.94963,2.6531017
0.5449343736266323,0.7568131800800509,1.1979264929891502,147.8365,2.4566355
0.5112566969229597,0.9281010349364627,0.5094644302706667,144.0044,2.489232
0.47519934303466416,0.6384175032611049,1.1671729407475473,156.34027,1.9649488
0.27720315406160445,0.6471574771805946,0.9130551869863326,171.15714,1.6495935
0.5372640601098138,0.9417911453654857,1.0362562354862974,146.33255,2.6382961
0.3737028662478253,0.7795026419916048,0.6832232779255757,149.53781,2.2845466
0.28981190196772716,0.672128412512624,1.013673556395659,111.7064,2.7039528
0.41854063077378156,0.6918305388301158,1.0429339193116833,125.666115,2.53341
0.3908320723533999,0.6951202506688936,1.375312289337007,113.87153,2.8771682
0.41392739531252304,0.6173913748553238,0.7183741493269715,105.57674,2.1897485
0.4098973346113377,0.8314675262116575,0.8459082307964736,141.87283,2.2168424
0.34259353319928715,0.6701849830486869,0.5711302236675659,145.94177,2.0590882
0.4036764449281155,0.5609601958197559,0.621450128384275,154.10582,2.1079512
0.5018679550963335,0.5897129721308656,0.6718622595596483,125.9759,2.8702645
0.5183741284688197,0.718510279701489,0.6871850839416221,136.20654,2.154377
0.3657203076128043,0.5984229815056689,0.9336156987953066,160.38838,2.3335216
0.25087248770385656,0.8678417182444735,0.5663010831707264,147.80133,1.9630458
0.2551967673723237,0.8194792162660403,0.6087974822140052,154.13165,1.6669574
0.25084655461387256,0.8844306642531723,0.9153336035110619,169.76227,1.6457884
0.3921723082896791,0.6297440496580838,0.7040400764177092,125.45076,2.8187737
0.32992291182679095,0.9106474584148748,1.3952342791856327,140.03714,2.570352
0.3610368497884734,0.8331763723217582,1.4215873147459837,124.31233,2.8572834
0.33506201369027566,0.8710912076076667,1.0887946852532417,135.03345,1.9423531
0.4145974632466497,0.6423492478595589,0.9709569263634925,149.35463,2.2637048
0.2806483081583928,0.8377653109757162,0.6992518702789517,118.682434,2.5005932
0.4812919973903391,0.707982277204718,0.7079669920375984,163.50462,2.0336568
0.3191023312024253,0.6610457644593146,1.182874120503174,170.04726,1.806388
0.3767056487866738,0.8093127969244545,0.8926638352816342,156.4996,2.3891215
0.48977270390402594,0.8057190116893087,1.3817186882101562,142.5343,1.6301628
0.25969198960316386,0.6987694921826952,1.053745204114384,155.5009,2.4966261
0.31532094600353466,0.5715488528276217,0.8955735510549439,159.18785,1.9015115
0.2647003251595949,0.5888914348348488,1.2831374218991836,109.88214,2.6862552
0.5049251294681218,0.9073372158134745,1.2053923094228942,127.5554,2.8816946
0.5007179033057108,0.7084411910511018,1.2075374214072805,137.9417,3.0479317
0.5379133203296693,0.9435609518542473,1.0770084099765875,144.67955,1.9542378
0.4105649850633886,0.8989099054082256,0.7850443136504311,142.83147,2.2544663
0.3893382045169865,0.9452604973581565,1.1322411764754639,141.46054,1.581816
0.3141189568105807,0.5933900478620773,0.7889026415507187,161.10054,1.5944221
0.40583975598597205,0.7581766259945346,0.5483977658351852,142.88416,1.7928284
0.5039446996560615,0.7037993636918798,1.336533256181755,148.49814,1.9246236
0.4834823118366577,0.7955879260427803,0.7761266990980117,157.15205,2.1568248
0.2701160719287819,0.7745202090479288,1.0265612084462177,136.25317,2.7346537
0.4856784355987631,0.6216421364515019,1.0322076473213389,141.12279,2.044637
0.4219302917398776,0.7955317136313158,1.2769091514201993,126.43684,2.7445583
0.4481744424370687,0.6035397892280241,1.0480974311415299,122.2225,2.4349728
0.45430524866573874,0.8168189769531102,0.6697609782162268,127.97987,2.482551
0.4519205468866372,0.7498830813807361,1.0888073748694742,149.24884,2.2454226
0.4282411028558655,0.8632038622024683,1.3130002766126005,146.46484,2.1255758
0.5200459296798066,0.6253941110709547,1.1428706275314813,106.97706,2.3116457
0.5333549516441874,0.7752481930505443,1.072153584411949,163.98239,2.354399
0.49060264677684456,0.5719317976533669,1.1379472340134293,145.98997,2.424714
0.43071186113165083,0.7796256869938049,1.2153389832090724,142.94751,1.6400633
0.45605242909218013,0.8625507149371769,1.333803820523686,110.30017,2.9037445
0.40161728571759436,0.6795412614837417,1.0964666460113879,170.79292,2.0600328
0.4601574532753543,0.6702714003805735,0.6658807600334073,159.42728,1.9193932
0.26312039426780975,0.6260612194989555,0.5676381603493885,129.20615,2.2693553
0.46991882378986494,0.6034591115423911,0.6134415744454531,156.31653,2.2194917
0.5093720050552955,0.8968494319203195,1.4282805590217724,161.07486,2.0045373
0.3446885968101557,0.5841198474289196,1.3827762012280425,139.31319,1.9518738
0.5335985846401574,0.922041423160084,1.1896633516448105,145.13643,2.7901292
0.3120136918494561,0.8706149438333985,0.6369087448780283,166.25185,2.018068
0.27297979369158404,0.8705817186920977,1.3082415544608315,160.13864,1.5829616
0.5321302839361489,0.8988133294262595,0.6591758990289261,144.4307,2.4321916
0.518232775530306,0.6226291819838499,0.6432104268018086,149.14075,1.591669
0.4644353055878681,0.6049722697319951,1.106126283478738,131.8826,2.7888253
0.4449106379482693,0.9026072201306812,1.3034992753330048,162.9654,2.4653218
0.5416250180253662,0.8543120030299938,1.2220866338706688,124.159164,2.2001755
0.46227844918508704,0.8312080491334359,1.2432956304654892,136.84406,2.3584244
0.35397611119613337,0.7405562064825986,0.612970906427914,151.32693,2.002843
0.5045581234133818,0.9058875321251824,0.7033271002945765,115.32393,2.808049
0.49270051537448006,0.5620715584352283,0.8364276707484466,148.92635,2.8556988
0.2502409219324582,0.5842684975519947,0.7473846468127382,142.64516,2.379052
0.3235683807711214,0.6281635072597397,1.3547662875393658,118.438065,2.2601476
0.2872886842492328,0.7560700195189053,0.6865449940925717,142.28091,2.553745
0.4402712791505725,0.8869782196544611,0.5770001889946567,120.894005,2.9785457
0.28400774692490827,0.7363225662908973,0.9253419953307457,140.64053,2.135323
0.41988097207728503,0.8143859214581671,0.6741577241335324,145.71317,1.8475059
0.3617157225947302,0.5607230189106559,0.6879895517812343,136.27289,2.0152116
0.42594536070827915,0.9295513112395455,1.2870127757325085,131.33624,2.41019
0.34728847470545304,0.5525851353812286,1.0254593125574776,137.09833,2.651536
0.3989332417634278,0.8091375647616216,0.7953517761001727,161.84402,1.6034214
0.3220909871906017,0.7292202357519492,1.076119001557402,133.3906,2.1131027
0.35086316133283196,0.9081110166151011,0.7691318144394407,136.74316,2.4611769
0.4149955252765237,0.9163919220401365,1.134742128024314,116.39184,2.8778105
0.5181262472145696,0.9398549683162603,0.8651315099664278,163.07364,2.1566064
0.4887252802746236,0.8730040610957344,1.4710996633201692,117.25371,2.6468084
0.32638446108539376,0.7013545446924587,0.6080893917937609,129.58224,2.2646918
0.38473849043151975,0.5721312396616882,1.0707540500945338,139.18466,2.6301901
0.48689657030427774,0.5556311984965425,0.8534440194133467,171.77902,2.2924402
0.3791091965606314,0.8132036534408074,0.7431673344150792,118.36194,2.849105
0.3907539109442018,0.8640161463257068,0.8076927901415136,142.12123,1.8807125
0.4246945820764352,0.5587541307657335,0.6998648632958707,135.43648,2.12561
0.5238149309992073,0.8055407950051476,0.6970412564646742,146.88017,1.8443556
0.47772892243297393,0.7069004932601386,1.0933431218131848,151.99425,2.0544705
0.40447449966201376,0.7784003149071572,0.6606724577556314,149.05058,2.2812626
0.40204014301507435,0.9034175027140126,0.9794031873551997,120.178856,2.3740919
0.3145127700347221,0.8696837364810159,1.3005260147389133,140.81189,2.6453671
0.5366396905379526,0.7639398030671315,1.0784803650498067,159.66048,1.907005
0.4675436359541154,0.8759160560370429,1.2222859618793107,116.16456,3.076114
0.40782352770583924,0.5694071317700127,1.2578697165881414,138.7341,2.4206986
0.5068553380590066,0.7101606152554503,0.9107062110223921,137.93843,2.379627
0.5203892352433428,0.7009699726388294,1.0425265540497628,161.15855,1.6585712
0.2981644119094346,0.9144699069960038,1.3904250453641556,105.18038,2.8848207
0.2535918896582372,0.738394547814796,0.9904573879135802,159.44504,2.2754233
0.45258303943021805,0.6741627567000404,1.3378620602143159,148.1757,1.6001846
0.3695931750989152,0.8604790264533608,1.3601340364573424,143.51279,2.8320625
0.3787580925764037,0.9458661224294179,0.8284302187338434,139.554,2.462628
0.39542917626698754,0.6837488352503788,1.1136047576670287,119.09593,2.8733695
0.28432865548902986,0.8111328186644549,0.5803882526067777,137.36855,2.659987
0.250596109157539,0.85468755879009,1.4876571484083065,172.48683,1.6892753
0.349694157009522,0.7704450798801162,0.881745424095857,118.45583,2.0491462
0.4537624594133246,0.8140031737516109,0.7249907720579624,127.335625,2.1459634
0.39285330783247435,0.633097478608834,0.5987834333356638,171.47202,1.8860344
0.3811641145414935,0.8406721474808637,0.9927838125062521,142.90125,2.1680737
0.4265383803548486,0.8556343103371358,0.896788827481191,157.38226,2.3713028
0.35510365711511044,0.63572575563134,0.7639302147018119,144.90804,2.36427
0.2679440950844361,0.6616098654740382,1.0660650557037499,169.8897,2.1008065
0.3972063703187987,0.812251652367466,0.6366977561514917,138.05269,2.0685515
0.4420685925291876,0.6681928977647392,0.6387571832987345,164.5251,2.4594858
0.46508095186239545,0.7676923704358176,1.2411937755349125,116.316635,2.2696795
0.27057627202142026,0.7243085977286422,0.550590214863047,163.02466,2.200981
0.39082959599962674,0.7831860450290998,0.5151004672133406,123.34092,2.2929573
0.4152777426276185,0.8759853408576599,0.8334197411559296,141.04866,2.4300492
0.34487885853323175,0.8826525013339106,1.0522430852278823,121.15479,3.094243
0.29974453068566975,0.8764784887981545,0.9024782611926933,134.01341,2.666463
0.42099717107709844,0.833098321384771,0.8534248301977143,132.00197,2.7385437
0.49721234901950206,0.8722337071855673,0.8943121671317518,173.75493,1.6963706
0.4385436434470937,0.8081127380367001,0.8454206722170203,162.88857,1.9372083
0.4657104370935943,0.665053823420298,1.1023653267723885,126.61131,2.8038404
0.2611292277280255,0.7086330843436548,0.5917217066613867,163.28519,1.9207512
0.5346496875548195,0.7048022106819504,0.8793311086836005,151.6958,1.9232284
0.37883799340458935,0.729290539246347,1.3175585346934937,139.20728,3.0759454
0.3086748235084323,0.9145837485183101,1.4980715476108684,112.65718,2.6480057
0.41611668049927925,0.6117256143793256,1.3135859664731848,124.76647,2.7500072
0.5033471819635802,0.9234870545227744,1.4293444122282946,145.27185,2.2631853
0.33742829127654894,0.8019708900184386,1.3463893932321134,137.56514,2.931792
0.38599380386092574,0.8762683570457221,1.0271517056437274,123.75442,2.2385864
0.4504527167217468,0.7136169436371314,0.5420895738787158,174.24072,2.246523
0.4733791530207201,0.7706346263730125,0.7657450135426809,144.23224,1.974091
0.27540198845433517,0.8118878486316377,1.1402285056527077,142.42824,1.9334854
0.29464105763763654,0.6552229643715921,0.602675465541149,115.71594,1.9707336
0.5459359043006113,0.6202476706419475,1.3475980496805917,106.433624,3.0721047
0.4001916611662104,0.5687261113043832,1.23945424127601,152.13925,2.5351775
0.5186484568981984,0.8136522613717382,1.3946096854428673,115.615875,2.2686536
0.4847294446151137,0.5571548063328889,1.1572577026515458,119.40357,2.3531785
0.49661899568596723,0.8799150689377586,0.6227723776355957,150.49765,2.1266625
0.49468109196329796,0.7414758263195832,1.0438349884925133,174.96115,2.134978
0.4103487882518253,0.880697507667771,0.749284921738324,130.66931,2.6477852
0.4861116227230903,0.7563952453422188,0.8866057857429889,137.37346,2.735267
0.4360830541881484,0.8737098152697103,1.0630015090226057,127.737434,2.7600737
0.37045914291555665,0.8201819621094519,1.3968140199445875,140.99712,2.7722714
0.2628601152768481,0.8867114333526911,0.7319278506224649,127.19526,2.627868
0.30028654780601544,0.5644940561860665,1.1771946269520615,123.34569,2.28066
0.40514555112987116,0.6992254593773768,0.7816656321404003,164.50409,2.3016124
0.36260318763351085,0.7833345412041778,0.9154973227312883,154.08112,2.4837928
0.4245862254445888,0.6774273159659453,1.4715872432201993,125.510475,2.3522003
0.43618217948306226,0.8100884424440893,0.9438957664112403,141.45674,2.1632378
0.3319057047678651,0.5914959659459476,1.1082450351111173,126.35434,2.452759
0.3742457544628863,0.6559992080881781,0.6369703491865868,132.20793,2.4298
0.3042279127563783,0.680765173620315,1.317840128842667,152.382,2.5085838
0.32457007756104417,0.8011350999678255,0.9746304625905338,168.83258,2.3085613
0.33652877834525624,0.5956996501311627,1.006582715649973,147.77621,2.5146153
0.3300498853879805,0.6139092633028692,1.0884571962176823,130.78036,2.5929468
0.46885167787429877,0.8565861674363577,1.318996142214083,145.49182,2.1884327
0.4317467274189728,0.6755027744282771,0.8578326588164907,146.78214,2.4902303
0.46231620307384325,0.7601354108845253,0.548021362104229,142.80269,2.3923686
0.5040599543618913,0.6994829114903487,1.2322084959152044,129.74582,2.3462508
0.41827755382630205,0.9084622503049198,1.2180411559170619,119.21064,2.2193894
0.25809422376563895,0.5806366589016286,1.4703025333552855,163.07251,1.7501378
0.409954836676401,0.6233339751613003,1.0072257615545006,150.44643,1.5884757
0.3437093306991361,0.6965337614297255,0.728089620170938,140.05432,2.2009354
0.27226180774594605,0.6798993235184136,0.5844034094073921,121.08056,1.9839801
0.3332574297100127,0.6589099599518173,0.977207417489635,126.726974,2.7810714
0.42082212971579136,0.8147726081695207,0.6123086452544565,157.2442,2.5658078
0.39636088882655124,0.9216096474063229,0.9556333709367023,143.28522,2.1884696
0.42635933394704695,0.7063981862336284,1.3193359688788728,135.72623,2.1375303
0.4977058312148993,0.5998458818420511,0.835070693816792,133.8726,2.870524
0.4073909791516386,0.8186314519433548,0.9733171452443502,135.58693,2.913424
0.42904983109983763,0.6612852374112381,0.6786879073469905,134.19565,2.8287458
0.254901510579992,0.5637716907875859,0.8020283313926735,106.51449,2.8844364
0.4393227932478834,0.9100495924124964,0.8462875953612544,166.15488,2.0957322
0.2671833891082491,0.8664730072293112,0.7658093222722354,138.86385,1.997293
0.25553134086255813,0.7256714052823738,1.1440094014498685,143.62802,2.2710795
0.3856356959697174,0.9065864586491288,1.4270047374177188,165.1462,1.9866897
0.3475390058972204,0.6952338283557917,0.9863841301930725,157.18886,2.25198
0.5042831916119148,0.6171067466168872,0.6541221195103669,160.64764,2.2771792
0.534869083473658,0.6751076789136239,0.6274534286515777,115.139404,2.707461
0.3945286621721549,0.6298674375776957,0.6906189628674362,119.841545,2.273881
0.312504192984186,0.8568161502774198,0.9762221859693978,134.86699,1.9595872
0.2994560276296885,0.6330978070718262,1.438349673614367,131.47882,2.8133285
0.3747589664090435,0.6105738939208363,1.1748488720405594,158.30113,1.8213329
0.538166789748838,0.9234742855299508,1.2881679733236973,148.23607,2.284249
0.5294717340789157,0.9402007386154756,0.5056417004365867,137.85382,2.507006
0.44239705904808435,0.7792845782764839,1.4220153710600005,153.38644,2.4599748
0.462546148768032,0.7083028187148361,1.2716480531432062,149.62044,1.8070909
0.4269919652836195,0.7804399049910574,1.2137578052801286,143.41293,2.434609
0.4032214139971816,0.9136578655111232,1.1428453447865812,137.02272,2.332186
0.38885809941830596,0.7958257675798541,0.9393697628263631,137.87589,2.2698946
0.4754193401027897,0.7173040062379272,1.262975281576951,116.39579,2.5442262
0.2680270920956005,0.7407376097974068,1.4584474855263383,156.72974,2.524042
0.2798691347109019,0.8136597639224576,1.1296141641136996,128.7913,2.4076283
0.2714617745935006,0.8884169118127649,0.7001817056684171,129.58603,2.9410458
0.29342828487810446,0.5529010634260867,1.3338737742003832,164.33923,2.4765627
0.253591654511448,0.6277100938702956,1.2116295532970422,162.37746,1.7957013
0.4653074134623552,0.6285548874177281,0.9620159343490449,149.19936,2.354528
0.35253252440211186,0.9276244394978916,1.2062518432111322,123.75146,2.7842772
0.5457607205007639,0.8396292018890813,0.7305636375486547,129.50175,2.5258274
0.2698983114082277,0.842642972463681,0.8674973114028091,129.41087,2.62172
0.5069560009225101,0.8530169920680366,0.7767615732318504,161.47076,2.3164148
0.27529109869418406,0.6425622050683599,0.9279295687447989,138.88069,2.1552048
0.29341645625267415,0.8798339538286613,1.2059676836814854,138.80887,2.4047287
0.4422838108851763,0.7827744439587473,1.365218070322304,129.78279,1.9166899
0.4925811990862557,0.8201130527936172,1.155639508667139,157.90675,1.9895232
0.26213614756683956,0.6807663297235601,1.1787345639125146,148.41132,2.101702
0.5472427501891439,0.6290577075857839,0.6328121795007735,116.98452,2.0840056
0.4842119096292079,0.874628079333625,0.6534537615615934,141.30089,2.3097007
0.2610238267474701,0.8505671980625831,1.125620462041505,110.59313,2.4941094
0.4687221252796968,0.5899643622675262,0.8829663241541041,125.37858,2.0994747
0.40930180018832124,0.854005277532782,1.0970917085997554,119.44013,2.063036
0.35503366862150937,0.9134817849690956,0.9925427409556434,138.87332,2.9946795
0.5453005239125517,0.6147339939170603,1.142765780949663,128.02147,2.675086
0.454544092063185,0.7124078931852709,0.9343291889656938,147.22964,1.9860116
0.4050107537318666,0.7682264323611308,0.9100238609511133,160.13554,2.0903065
0.4935264779373185,0.9350075263487712,0.5842038655488385,142.73985,2.2719219
0.49636843998801494,0.6491584640882132,1.2013146500409153,125.57487,3.0678773
0.38553524051522614,0.6334170385371446,0.8915607623769443,171.25677,1.955989
0.33181065069720694,0.8704994823079997,1.3344649468993577,111.12603,2.7067993
0.535003991089661,0.6415936090437316,1.1897392498382808,159.19658,2.0961657
0.33262144766020213,0.6046327278314474,0.5374211967499765,155.91791,2.466638
0.3743113881813402,0.8370975429823728,1.1874290305188526,139.0302,2.7067525
0.38210140833096357,0.6775183993231222,1.1289720610518232,105.4299,2.2484627
0.3085746099090824,0.760147096987113,1.2174077994281673,149.68658,2.4575326
0.5427289776412989,0.9463231858797909,0.7730454126302894,167.52278,1.6001806
0.5257232602697615,0.8283328161018033,0.516023075942444,113.5519,2.8361404
0.5321006269701387,0.8525383894701651,1.4410813493804353,134.22533,2.685939
0.5162649191060312,0.5983711994255384,1.3415885677003188,122.32279,2.2890904
0.5447827044776254,0.9363548019289909,1.4873501682676478,116.41805,2.0849268
0.2825528081041887,0.6784324927534507,1.034805320551369,141.15852,1.9113641
0.46296446361760757,0.7742769805980476,0.7327915299340174,130.88681,2.3499947
0.41515129840058423,0.7408005697670146,1.1320950314040128,119.83086,2.8386033
0.4580822659614006,0.8151384761293039,1.109615805177766,170.15929,2.3651817
0.4870857211970295,0.9426841196073003,0.9663370121563989,142.4901,2.00175
0.254311294299989,0.7100244539007056,1.1844463529351192,145.01784,1.6589595
0.2764556857342048,0.938870870498152,1.2573483659706155,163.155,1.9444392
0.4581335419782573,0.716366424174593,0.8610588688372416,146.97842,2.429067
0.4620154588519919,0.6470980208336813,1.3621015350381676,122.44592,2.3910787
0.35632153526293003,0.5654452623728102,0.7249862374350553,120.20696,2.176261
0.37674200123283275,0.5675941552312664,0.5349951534498206,160.99426,2.0226493
0.5124603770169777,0.727885759758648,0.994338660120881,158.97903,2.0891721
0.2971279035911613,0.8691612003552449,0.8084321156739281,142.05856,2.0280852
0.4460063331744889,0.7878324383159081,0.9829335311109016,131.41534,2.32475
0.43241848073637756,0.9316636229173189,0.5161595701865987,121.31197,2.2547562
0.46382456701836006,0.6847069064602483,1.29741500671249,139.67825,2.644739
0.2904877653007681,0.6008549837364562,1.1886066662252535,149.15752,1.859562
0.30889515254786715,0.7102881357412751,0.5518115552446523,149.17627,2.3819175
0.3798076132044876,0.6112583310319964,1.3516434976698843,160.48308,1.9780488
0.4116499104307152,0.7321753466828074,1.3405453729353631,113.65634,2.8328862
0.5217949371597969,0.6288035867600476,0.7216752449498256,147.95871,2.3781784
0.49080856349976043,0.5540784529751086,1.2081613045025437,133.39935,2.4334884
0.5217344707317801,0.8117036198197255,1.2010124131745576,124.36133,2.5355787
0.2561360833039889,0.8729975040375442,1.4986775031480781,131.301,2.5794327
0.2536918338266065,0.8480687848150623,0.8303628059622257,130.66284,2.1633883
0.4602268042711875,0.8340763865249909,0.5642628683935543,147.59084,2.5355628
0.2806016507471292,0.8192743822650089,0.5789626930255715,106.66277,2.4101853
0.2618219243923065,0.7518028436699865,0.6673663754372094,111.60832,2.682485
0.520472682401861,0.8730351442380744,0.8611110010741178,155.84438,2.1276417
0.5297298408704927,0.6495589410959886,1.0645804493771687,153.83136,1.8893179
0.4368282338248741,0.8091402902703999,1.4427552936051662,157.04053,2.3011415
0.4712970429264488,0.878893686069512,1.4180664887697119,161.79321,2.296878
0.4658408995501545,0.6964994662871161,0.8940490925506093,119.83493,2.205173
0.2955641778003998,0.8083322796471799,0.7615987646035597,173.31248,2.0596087
0.3454047279840319,0.8578172469146434,0.6124471631622437,145.23552,2.0255866
0.3113114997112642,0.9339674446944319,1.120017027504371,123.405426,2.5843446
0.4663076190120964,0.8323541627683112,1.4907581214914476,159.33447,2.4391954
0.49229241191280687,0.9308495886714971,1.290999941157895,130.47568,2.1514187
0.34068213804705105,0.6587921684554323,1.4726214906107646,141.0551,2.202331
0.42695972073327837,0.9297254615879003,1.390208259841748,123.715126,2.7991562
0.35473224122405844,0.7984996197740242,1.3275972033195216,130.22586,2.2998736
0.37224785113651954,0.6224708619181417,1.2333161361976543,138.75165,2.5041428
0.3860407467143965,0.9431336360245248,1.266171496342667,123.21726,2.3800268
0.4656517775695165,0.9363143849039007,0.5709687514876077,119.39341,2.1345878
0.3843594446688685,0.9465001582520224,0.9239705929502412,115.21253,2.0211625
0.5099169401509088,0.9123514987698474,0.7939741622391561,165.85663,1.6918526
0.28918332947604214,0.5864670987110391,1.0626942774892463,154.57523,2.3094
0.41917313477280765,0.7616320185945293,0.8416784256522168,150.63283,2.3273933
0.3676872771945913,0.677303066567537,1.2092161315396375,145.39497,2.147321
0.28129865046752217,0.8461062710193423,1.0037259455581684,163.26935,2.28306
0.41080936650382144,0.7320433291322518,1.431339403429969,107.82153,2.6809795
0.4925642379358235,0.7846196327121637,1.4247597096012203,143.67056,2.4008024
0.3484522040953002,0.8326960859031547,0.9522548978420755,128.4796,2.8710582
0.5370285824414913,0.9212994527553633,0.8179189111357721,159.1119,1.971999
0.5260817104830056,0.815928571145023,0.6211693559688268,159.89848,2.1039355
0.3186585994615192,0.8494912399222871,1.0570299409713355,161.7259,2.17335
0.392802296036057,0.8660811709175522,0.6541568721413107,124.64129,2.2503388
0.4916928140778354,0.912262527979637,1.2117442125226279,155.01807,2.0911882
0.36165367754244565,0.7619644783671836,0.6808905920677675,161.95938,2.259268
0.2867322979754713,0.8434113169894126,0.6038960896418711,157.64117,2.0124493
0.44884138054669054,0.8042428644853994,0.9474531459287511,146.0648,1.8648232
0.4556067766477566,0.8921791479156382,1.495121019592239,173.04971,1.6103814
0.487333974883745,0.769501229877045,0.622538979628141,124.03305,2.3077717
0.2756191880287195,0.6213219307504603,1.176603182820378,143.65858,1.7712287
0.5396657761789289,0.7617080433286336,1.243990710602703,141.65294,1.9871333
0.406893771676098,0.9121200610659355,1.1656051192984682,145.61935,2.0427573
0.5350643145598706,0.7469762384759366,0.8332423125969715,111.39337,2.5225134
0.38985209163576706,0.9300828520042279,1.4265979504794934,128.99915,2.7203114
0.34197894838427306,0.928787701046387,1.0338753727200813,148.65688,1.9312749
0.2666794426413419,0.5597040598127729,1.01687081786782,121.56963,1.9798537
0.4042533863185622,0.936699733852167,1.0204272595491204,124.55171,1.9516765
0.41927704870032523,0.7742496329511711,1.1069397545228359,119.91153,2.095168
0.297077325831383,0.6563907414847422,0.922950432258381,136.50476,2.4883654
0.39431059835842297,0.922070227319896,1.4680291180838498,140.14548,2.3163433
0.41639399666724314,0.6255952955964101,0.8500282853489383,154.06856,2.0105896
0.49504298747844955,0.9372667668668417,1.049927984582872,145.13202,1.9991829
0.32470896337506816,0.7125841638414143,0.6390675128400729,121.12935,2.4753544
0.48929929945418493,0.7119203164831865,1.2103907957851554,144.11876,1.7666616
0.43990395865819476,0.8731045220566144,0.5482328734486298,122.96027,3.0810907
0.5352905133739079,0.6059893238155433,1.2803378967534682,149.51523,2.326924
0.3735227590653872,0.6957014731080897,0.617461704561049,132.87567,2.6507926
0.47138328912550376,0.6765066324043575,0.7395128005482209,130.45825,2.4570763
0.3806440174136091,0.6250863647548022,0.6745500091378981,144.88777,2.1204655
0.25898937584599824,0.6343120574966307,0.7645178383105271,116.050156,2.4934423
0.5212299921837731,0.5766146743123902,0.7449625174315233,121.877106,2.6858068
0.4671505168915935,0.9370622944487467,1.3243733097892445,125.12939,3.0695841
0.29808293204380754,0.7717524257503768,0.8541425865859327,150.70154,2.0187871
0.43967625615148664,0.7472215964525257,1.3503788800550731,147.37654,2.092582
0.39683400644125266,0.7574529009200395,1.3185366248494501,161.89937,2.1227834
0.25714286069315057,0.5535745865820518,1.1687727646798463,140.40723,2.1623743
0.4240062260347628,0.611791622903752,1.3812772661563812,137.12442,2.721364
0.2924514971283369,0.7462221794516707,0.7501118114430831,125.54254,3.086441
0.385196993854965,0.6792887788868144,1.4421887659675172,141.73528,2.4041195
0.4330600643796667,0.6134181035927035,0.6003353696153841,150.5578,2.1879091
0.5369335844543552,0.695117582322459,1.272223217671236,117.20105,2.7241747
0.3492958276425568,0.7494922115899479,0.8273005368081223,162.55574,2.2621543
0.4391117146575807,0.6887296830983163,1.4772151490337286,112.28828,2.7404692
0.40901123747448365,0.6456078491018064,0.6719372285378914,153.40038,1.6270211
0.30843114705934715,0.8957577887465829,1.1187492826275922,131.8004,2.8090017
0.2515970607144319,0.5521877389305029,0.5678117879546141,140.42094,2.1285937
0.39075475457322356,0.8646049368769404,1.1636620973862284,123.56055,2.8115036
0.3247037431750477,0.8132144254454389,0.6156414079999294,132.89453,3.0265727
0.4448805571727085,0.8955472810564036,1.1461703898043138,147.1429,2.3584945
0.45914562564427003,0.9132074020383378,1.0170958786399216,135.17314,2.772297
0.2669942421476549,0.8544130375373513,1.1707511050747716,162.8854,2.237094
0.4360281345538869,0.7355484863539636,0.5534459726858484,139.61176,2.8568075
0.3384852828113475,0.8254420349211606,0.9962738915745023,132.90927,2.8860588
0.3579270550375836,0.7972217084893854,0.9888205510185463,146.14015,2.7577057
0.284981719793734,0.5622314549338456,0.6837698348958379,164.23294,2.3505056
0.38671035343040516,0.7133709597024263,1.2497083605274515,171.54814,2.2195954
0.3995918640628946,0.7474688305082583,1.4708847285457378,154.4388,2.123556
0.5021991387112452,0.612215278417297,1.0985362684524123,153.59082,2.2240393
0.5333787298390822,0.7909640812292122,1.2238724501161151,133.9042,2.3682523
0.33900225954543417,0.6927095421230429,1.3840168064712055,137.2657,2.5359306
0.35806448826669796,0.727537369801043,1.2858136598760297,122.26912,2.6792862
0.43621544190734174,0.8506991944322262,0.9444681491963239,137.56505,2.1986635
0.4147175142624471,0.6383625832918036,1.444334845609309,159.88289,1.6755139
0.33723882307674163,0.7520000535240583,0.6867507538425787,128.87602,2.8603876
0.3907260133654311,0.81655671928903,1.3281296533585936,122.83137,1.9339416
0.48179366670343793,0.5556210650581315,1.45806847606834,141.37346,2.8450654
0.5004727702994275,0.6997058244061799,0.6332688818128871,117.564735,2.2752395
0.5429376284484951,0.5996372452134733,1.0911799616664073,170.6362,1.6660744
0.547031034224209,0.848078642521902,0.6787187278573891,136.5856,2.2566955
0.346233034928631,0.8875009896253916,0.7050971852724442,170.68076,2.1710453
0.3539385359333435,0.5888485803264234,1.2705894811607132,173.0315,2.1594248
0.4954646324402452,0.8630250383347168,1.4893568591349324,142.9596,2.247236
0.41655490326765,0.6191995778070635,0.5076352839731466,153.42647,2.5062728
0.30297196218898464,0.7518604843979382,1.1299816569927563,143.72847,1.624006
0.2873040016744898,0.6549944552465333,1.3472483978363567,122.962944,2.3705192
0.4209634070492184,0.7544540144851667,0.9568442214235006,120.48191,3.0931785
0.5310978892785205,0.8495460690576678,1.3470425158231205,156.44003,2.3319767
0.41986058805120013,0.7273350844199744,0.5191325529566299,143.74971,2.3160238
0.38043428914712585,0.762073161320381,0.7657521617820919,113.24607,2.9641292
0.518217677520114,0.7977145286207258,1.4039332127101043,126.364174,2.693353
0.3262310524276058,0.8045553760638254,1.3075595704486953,167.27518,1.6751931
0.5257229425185121,0.7274442115713791,0.8832609909117345,147.10513,2.4343407
0.3507166485326907,0.7310908327597649,1.2992543787200224,142.76773,1.7844687
0.5290322419456146,0.5678777149175045,1.4093238156345311,133.28723,2.093837
0.438931095208984,0.8382857820358804,0.5935729538490827,162.16345,1.9424614
0.4808992763629458,0.6630641916646801,0.5445663763627033,127.55184,2.701122
0.4500130406819822,0.9281234704149627,1.3338025846876786,123.69558,2.7740088
0.4229369755877383,0.5672198875369486,0.833656647380796,128.24062,2.0147414
0.48682788184050974,0.7596267431137044,0.5679457179106092,148.40399,1.9102569
0.36050000442323116,0.7730667969697684,1.3592446783264398,160.76099,2.1847973
0.3548182802608613,0.7401211390766553,1.383352833626911,150.81851,2.1027339
0.3693607398676695,0.6408390409820278,1.4430000901316533,140.36147,2.3386908
0.3890633640379254,0.5923590377538275,1.1741717118317978,142.25937,2.2123342
0.4429854294305281,0.8283203214553636,1.0588656042817233,124.3493,2.3360617
0.5379650718843867,0.6641117242379658,0.9992623386554064,119.35135,2.6735942
0.5355047217363726,0.8281080406410481,0.5809473846421795,134.81226,3.1411707
0.3657077770136632,0.9425648748124132,1.2274496128229657,154.50557,2.3709586
0.44040555623667643,0.7864769967020717,1.2110775362059556,126.386024,2.8346863
0.2690665742893078,0.7021429603656323,1.3364464240446103,109.51378,2.399554
0.498179449267922,0.7190880268832409,1.4523025847913051,122.749535,2.9682927
0.2586040316109274,0.5726242870576808,0.8656577744019514,106.95713,3.0097735
0.4675103883776913,0.887524197456866,1.2452399855598553,138.86877,2.1767037
0.49529605417632677,0.6509822208401341,1.3236750387869045,112.30187,3.0766046
0.4897329518821508,0.6646707084062163,1.3239388651837634,148.892,2.2763531
0.5383419008936026,0.6644268483409967,1.0226144766791647,155.06851,1.9476694
0.4512167748643381,0.7114700750519081,1.4300864915129419,161.67552,2.0793798
0.4609515710298414,0.7600889512557153,0.6311706685263142,161.99239,2.1428912
0.4909139564290044,0.893330050493713,0.7278289199149746,124.7978,2.3704193
0.40561279894381075,0.6121222315055508,1.4021917493541842,151.95924,1.9073174
0.4747190863442026,0.7374022792786562,0.9190669355488043,135.52544,2.670564
0.2571207650821494,0.634181412300327,0.8294095654917669,153.68031,2.0502024
0.31090779380178263,0.5782413955363077,1.0184335519398968,133.2919,2.459517
0.5122382770256043,0.7083072639707352,0.6634001142670004,130.898,2.266634
0.3762414415015086,0.8752475665072066,0.8950905936284471,150.29268,2.1952379
0.5078971433700323,0.7087559491412356,0.6323463752016923,120.335045,2.7160907
0.42610083211654726,0.8864264215188437,0.5002201053628746,145.01143,1.9227059
0.3026559447281675,0.6045576188961899,0.5188026947427237,135.59888,2.6951194
0.28261568250265273,0.8104646336305932,0.9808275275326235,156.41338,2.2730646
0.49787860611727797,0.640303342399927,1.017270285672088,164.99844,1.8975569
0.3275653460742567,0.6254050949332542,0.5408609229953383,134.78685,2.2636845
0.43675845172329797,0.6532399643929994,0.9709539857155229,122.918915,2.5190792
0.36429427586598095,0.8290411785331926,1.0419518358377258,145.66705,2.2793865
0.43042206629504615,0.6997035232686788,1.2644197627604028,109.41408,2.6598747
0.532960162648634,0.8864861923279876,1.3570035848317143,150.2891,2.3792443
0.3507518787332264,0.7432898082276602,0.6340559631554249,106.08087,2.9672105
0.3071514764385262,0.7224711307662469,0.8646735674481498,133.77904,2.8390186
0.5053688218955217,0.7370296357276471,0.9788717493227402,112.60731,2.788558
0.4006421470525585,0.7330207497718506,1.4405272714784183,120.33247,2.391595
0.43262890371659124,0.6052066216139956,0.9771901928690968,147.79857,2.01527
0.5036962936124452,0.5609668681840281,0.9412722197976723,146.79224,1.9712884
0.5392422811886917,0.9092776909740239,0.9339159523487212,126.17114,2.7250338
0.2936747088914914,0.7707011794561628,1.3147411563427656,138.64835,2.220014
0.4979441560694343,0.8570801011395732,1.374589914542494,129.00781,2.2002976
0.5367951826631052,0.5623593927287279,0.8985748357480567,109.221855,2.7372468
0.4496547427473757,0.7065522545301199,1.0139369232016058,140.60336,2.0240023
0.3309272008350685,0.8911937370159693,1.117454947149969,164.48665,2.364851
0.27223905333890785,0.8757571641294264,1.4306859531446467,141.25336,2.1115005
0.3708771432105893,0.8886449627864499,1.3113240929937686,144.03575,2.3745425
0.43813003783333226,0.713044047558298,1.2058734128478679,138.35411,2.4183822
0.5303395495948189,0.870419414037751,0.523841069427559,116.13739,2.8506584
0.2534204417872746,0.8673604466560245,0.6126047366172408,151.5372,2.22712
0.5448610589403986,0.8744470147326988,0.6789275571858994,129.89615,2.6447816
0.2534243806975614,0.8333311431768006,0.8933294784280457,127.86716,2.6183686
0.3286506969047974,0.6146692918522196,0.8631002037126838,156.18253,2.266005
0.300653731682921,0.8139045460841023,1.2110957958767825,148.11894,1.9967295
0.375108409768397,0.82914064230104,0.9329085469793671,144.10013,2.3301895
0.28530417204986375,0.5942491654566089,0.7316152937989417,147.18274,2.0515218
0.3137041407636297,0.8622077675006576,0.5401298456650758,124.688225,2.213664
0.44807046852607735,0.9475939327811675,0.5401896347646865,151.76364,2.1351688
0.39465544140465847,0.8081352136447625,0.5667764115380771,142.56758,2.4231548
0.2682507579436677,0.6408708538550935,1.107735423898641,119.28388,2.432317
0.40296126438483887,0.6568979643214319,1.1488213739378186,143.38664,2.2396379
0.42259760855312434,0.5662184223799172,0.5418197395745719,134.2173,3.0927908
0.46319564771954796,0.5719308997011864,1.203767279643578,135.12906,1.9285734
0.4770751731265479,0.9325519914530518,0.7746058849757256,116.684494,2.5466113
0.4072034132917035,0.6156005072460081,1.1414343235281956,150.84946,2.3040352
0.41400813899213307,0.6081466718894024,0.8653685738158804,163.72314,2.2005196
0.2568371427419141,0.8018838384198075,1.445091827939962,148.61533,2.3418777
0.4711788757746161,0.8362409184527292,0.850447264558698,125.96534,2.8214362
0.3007873892476804,0.8151856650222047,0.6195729612788251,123.726036,2.570889
0.3133062702292388,0.5913528915934146,1.200307255156939,120.57896,2.2406611
0.4249507964193362,0.851448173608321,0.6856165650028481,174.50224,1.9674675
0.5172510482091299,0.6313222599972471,0.811318341930909,121.04615,2.0512083
0.40236987593914414,0.8831624377427909,1.2257686278440527,165.2915,2.0880039
0.48768663613084584,0.8240481198550887,0.6634433309539806,144.54927,1.5811132
0.3405498340153716,0.8874890211216058,0.966460526877933,114.81357,2.6722426
0.349659333042931,0.9067398735217749,0.715537495737592,109.62593,2.791182
0.34077285027935605,0.6092996033521227,1.4718140971759097,134.66971,2.5284665
0.49393870612800345,0.8758510380535256,0.9831938735425566,146.63193,2.3845997
0.38353467085795945,0.8364784891501207,1.2820150091771305,146.6387,1.9447045
0.27135808460212735,0.570846164519271,1.015794178076435,112.00695,3.1133037
0.45081678670474057,0.8968781416137777,1.081256828778309,143.13681,2.5340233
0.4342208896334032,0.6681403653334751,0.9965214173844502,129.992,2.8087997
0.4714151715288786,0.5582225938345956,0.9255460375931227,140.99481,2.3626144
0.30905142486495396,0.8466946148645929,1.4236556763430648,116.46575,2.5502923
0.4439254120401905,0.8151497930521148,1.284576023230827,142.08084,1.9693117
0.2924624789854087,0.6234602846661068,0.6255419306410804,149.47235,2.5296645
0.4943083722984514,0.9441114278153898,0.5903228785890798,146.45607,2.3833354
0.438392839503255,0.8431464483273543,0.8534652147176878,110.83573,2.5375364
0.49480316930765816,0.6641591559759933,1.2125043379885287,157.59106,1.6046606
0.4603868236780796,0.6562821177126649,1.054868425365238,153.95627,1.9618546
0.3882462224620208,0.7949141584933934,1.091320992472215,166.66443,2.1842864
0.4686387512693829,0.7588277824236067,0.9632527783064523,129.16501,2.2119076
0.4988856430346809,0.7807854936905648,0.9422525937374349,115.53366,2.7182207
0.5476296837772494,0.6440341307638967,0.5195306789099764,108.3781,2.805896
0.29254096146201203,0.9415389385150291,0.8055826480492257,125.48279,2.1402733
0.4091872229904709,0.6506013099573588,0.9502319589798236,166.77351,1.9963164
0.3095748212804035,0.7136711483054206,1.342587344873719,143.48114,2.2528906
0.4098290937571294,0.7919558448300518,1.468192799934537,141.07626,2.3489363
0.36462133978352973,0.7870108869947982,0.6751989230965196,168.52634,1.7953835
0.3880005513030612,0.9201466804952785,1.2396176463833715,127.0824,2.7355013
0.400286212333499,0.8109407767970915,1.036433560064307,135.85582,2.9092422
0.4930137628105218,0.6814890389671885,1.47793494604396,149.31505,2.261835
0.5183617371799999,0.668500708837264,1.3076767028080012,144.24944,1.8888023
0.47653111181051155,0.7784292489660956,0.9992445324817806,149.04675,2.31697
0.4177991674465085,0.7928907473630817,1.2998828016354955,122.797104,1.9854774
0.33532769347653174,0.5848846628425718,0.8102358082228271,128.7701,2.563376
0.36805218968831876,0.7208411710201765,0.652920784600979,140.73698,1.8691766
0.515872576766752,0.728146417569051,1.3324719207331843,145.70053,2.468497
0.33920718630801433,0.8342996470925303,0.8171225976804067,134.87703,2.2941866
0.30350903649652117,0.8236547489975783,0.61704200299719,132.24742,2.1927958
0.3176958105413793,0.8232779931477334,1.3225993600017056,153.83038,2.2750437
0.26094982302481523,0.823380373537386,0.617274365270612,160.67947,2.1828318
0.5153665339376884,0.8594842850995479,1.1813352098734466,166.3378,1.9921929
0.4139998277345549,0.8766215852509124,0.7264013706192841,162.65329,2.0052881
0.39654515931720036,0.593764161894788,0.7894944599017104,154.07605,1.6909981
0.3694443419460253,0.7958120815485088,0.7593904929727056,164.77954,2.0843945
0.3053553361693397,0.7986435880722187,1.4329091734117725,155.90811,1.968209
0.25325002121356577,0.8121426141015637,1.2919706198296952,127.99462,2.3569846
0.4689750730781811,0.6132672450333687,0.8293637772154964,125.79515,2.5021582
0.4293001831656797,0.8196996411444988,1.4678656468880862,144.53174,2.1986651
0.3412429169083834,0.7209946064081886,1.1469776073648639,121.19674,2.244667
0.5480796278777749,0.728642167122865,0.5974442344142207,143.47285,2.525811
0.3711234032831216,0.601451069248349,0.9901305846195617,108.612015,2.310173
0.36205916257673626,0.7095530645226413,0.6703128989482229,121.774796,3.0885048
0.30288523678235685,0.7239866589525754,1.4504534395206812,105.465904,2.4880302
0.3529480037508609,0.9110967084679418,0.8610999179106856,159.48596,2.3661857
0.3224845399751819,0.8875433128542349,0.6144099947795714,113.28172,2.8077257
0.26930697350013144,0.7938792908033536,1.2853269641166907,130.2289,2.1080422
0.49046764197836246,0.6531195643509368,0.5433646242434241,125.94223,2.9456787
0.25278676004902345,0.6115516858699879,1.4030542925068266,136.92937,2.3107293
0.43959373249731015,0.6222126939336893,1.3130159021080952,140.63582,2.5271611
0.25902883715334374,0.862636993726027,1.0732218339184945,147.21147,1.6564302
0.40823023398765423,0.6713640547713546,1.12540929998613,129.36523,2.6272836
0.2804837481995098,0.7896354050568233,0.9738020113926016,125.71789,2.0037286
0.4293190433911801,0.798938157060018,1.018247429303973,131.22491,3.1226878
0.4638816536540232,0.8073131704462018,0.8962832496344423,157.52513,1.9251934
0.2787749369906228,0.6230512704679929,1.3703726080550367,125.22385,3.0682373
0.46388989096966354,0.5940037601511918,0.9665653779002114,111.602356,2.2268107
0.3594259848286998,0.8515876803159319,1.371236555863987,150.77539,1.6132265
0.35176636938713723,0.8098559034443009,1.366281370959801,136.95093,2.8462193
0.5299267040348472,0.681084360635651,0.6396511810867719,161.32487,1.9238564
0.46041403793629954,0.5631141492250548,1.0951789492734885,148.95016,2.2898483
0.2944958891530836,0.8803407514981791,1.1150665723316302,125.61108,1.9281517
0.36364975541544214,0.7567080965385532,0.5453705013489083,153.4384,1.9631599
0.3361332496035804,0.8218628436848037,0.8411458405745926,131.56392,2.2095938
0.38319731007824576,0.6468560015627067,0.9700799123561273,135.96657,2.5388935
0.3986472174767344,0.7939978823114028,1.3709858185582706,131.31342,2.9766586
0.3849893121191708,0.9049871698057339,1.2888739049044633,132.26521,2.386334
0.2534634548314793,0.7342417499711107,1.3309990114605283,119.44799,2.2399397
0.5482036468209872,0.8006461571700905,0.7070585279669579,163.70607,1.9175764
0.3611731803957881,0.8425183937299043,0.7409572830843059,148.88506,2.127165
0.4478727376466561,0.8362066793239014,1.1137210357408382,148.02022,2.2905347
0.32613888716329287,0.6773703094375881,0.7183879790201073,136.55351,2.4930277
0.2916554160252489,0.9139748691669844,1.0314281721720702,141.56264,2.2536697
0.47772638179519816,0.7365049207366493,0.6683157656677919,165.54318,2.3558776
0.25695168069986135,0.5806645779173575,1.2958092233202207,167.8085,1.5784702
0.378640728254096,0.7669064739252445,1.117631958404194,127.48065,2.8600073
0.4393157892852538,0.7829216906054607,0.642147849487631,153.74078,1.9639959
0.4059159676148787,0.5694304426927503,0.8470452572191803,174.38919,1.9208604
0.47880776231119215,0.9433382329380233,1.2942136908671118,143.84608,1.8194065
0.5382958395674327,0.6291909337536239,1.4616145597182268,136.06596,2.489304
0.5257490513528443,0.6893459666429819,1.2611094602326762,144.03027,1.9162062
0.2673285712977039,0.5719238968122948,1.0949947922874759,125.29918,2.4628277
0.2540447849370293,0.8712253662209297,1.068287269457744,110.008354,2.826385
0.42368555668566454,0.5713059199396817,1.3932337569705138,136.44502,3.0327265
0.37106662761792,0.552097200622072,0.5633232438029319,114.94568,2.2931116
0.457372408777059,0.6284345398107958,1.437539854595208,165.25287,1.9022294
0.37706625218597395,0.7363671001381182,1.335125805210693,160.22116,2.1943367
0.37808615538936374,0.5506265280534126,0.9942417908148206,124.99477,2.626933
0.49121834019247157,0.5771386071032307,1.430535321746726,122.21817,2.4200613
0.5294977695176512,0.6425496266203896,1.4187049537779441,118.41983,2.7966926
0.3540293266184111,0.703034938621494,1.1388318187251247,113.06735,2.6243873
0.2648699305536813,0.8985013376875302,0.9683338588095447,117.869835,2.3652651
0.5397056485565237,0.6264111803909203,1.3236634301995087,113.28463,2.9210415
0.3482960142321949,0.8182546728375605,0.7629156898999317,137.48964,2.0781462
0.3079201631775716,0.8912675828871204,1.45879850229823,143.24988,2.159622
0.32417599062872066,0.9211540232931223,0.6783996828407864,151.3228,1.9821739
0.4317100690571616,0.5933373074680057,1.1695623280595346,114.98694,2.403907
0.3675961630464391,0.893029998197918,1.1004594247472326,136.12495,2.5278826
0.4200962560069497,0.6795443845938224,0.5934645159081482,162.56572,1.861013
0.4163922568113152,0.580895306219451,0.7720589428966554,131.39536,2.500504
0.2506843243189729,0.5601635929698139,1.2566865651141044,122.68129,2.5255432
0.5486906895738346,0.8804971259439878,0.8687529393537023,135.1465,2.5946703
0.2942112137935615,0.8747422781816026,1.2254035161148775,138.85402,2.3967588
0.36580469178627845,0.6920683432588727,0.7531024687010973,162.99762,2.1581519
0.34141893318498945,0.93235792226062,0.5100464953758528,113.1403,2.9321225
0.46970831359439724,0.6436504339680206,0.6139165976706825,147.06229,2.2146893
0.44984305838373084,0.6193993279615437,1.191543737654504,136.73705,2.2305758
0.32104530634226597,0.797694068355537,1.0689518786995271,161.62411,2.0820487
0.3401347030306506,0.69643833080739,0.92819321900628,148.21744,1.9482898
0.4263050904341036,0.561129540942149,0.6301548298577845,119.855125,2.9303868
0.4562674510041912,0.889132442611622,0.8390785920872407,136.01286,2.3567245
0.5451509045224874,0.9290059747968785,1.197531242229588,162.16559,1.8441778
0.35520797057869535,0.7657696280754834,0.850259772470357,127.99298,2.4091017
0.4309808440202177,0.9269272345344117,1.1463106444476612,109.181114,2.6657822
0.34453911612932553,0.7906131150671888,0.9306260860991433,120.39554,2.8187544
0.4921699937898847,0.668767253455874,0.8921998018801758,165.96494,1.9699001
0.3976186557390499,0.7110971739615534,0.8495545752871206,146.3887,1.8788108
0.3227424348075747,0.671411351348368,0.8480113903780626,154.93507,1.8555003
0.507210352291599,0.5555269224926722,1.0143227536024746,126.8313,1.9141145
0.4497353670894073,0.9320328142738779,1.4864393729202026,117.77066,2.8912127
0.3457841628306441,0.9016216866159504,1.2945802324372193,114.93505,2.469724
0.5467698631924125,0.81778537398342,0.5737950783660503,163.60248,1.9254425
0.3034436472099032,0.5834997869213411,1.2305969595235893,155.92696,1.9788352
0.29520470914847297,0.6708551221730797,1.2841778499243328,128.08347,3.1111336
0.3615317378710052,0.602703248038392,0.9177680682586592,164.71126,2.089026
0.5456963091269997,0.85704418074977,0.8581586193586415,164.08769,1.6535317
0.4348781963103301,0.7649707462797584,1.4262380226802769,148.81721,2.3113194
0.4853047440952458,0.8527926628022372,0.6134377415481471,156.15999,2.2664757
0.4697963691969895,0.5770253708204602,0.8020950941876421,135.86005,2.4258401
0.366487836897522,0.8486473289491494,1.3967355291656123,136.22714,2.373706
0.2933193934852969,0.8221766914982653,0.8289887236745648,107.25105,2.3266163
0.26319475797490854,0.8746749414843813,0.7104985941532741,170.52022,2.2436152
0.4868737475415873,0.8010012354435119,1.1028529087790968,155.71658,2.1474302
0.3008817916823226,0.7548207316246748,0.9970811185806207,126.56205,2.8422227
0.30747764774084746,0.8776329577846854,1.2663009659521267,143.19019,2.3619487
0.3775158451929729,0.8932628519522297,1.231010422406052,160.80644,1.8405874
0.5050552381122676,0.610317406653607,1.2144532360072375,143.93724,2.1896849
0.3309877296312202,0.6834642650396631,1.202170414662107,137.95496,2.6109285
0.37961795397685427,0.6798230864551786,1.216791449512062,146.50351,2.281715
0.29385583357163414,0.5902825787921444,1.2367268885776892,122.63341,2.2376306
0.2729072954002004,0.7300163398604904,1.484454619177332,116.37915,2.1345837
0.2958028626444571,0.6809100340950717,1.2322494425760366,141.36493,2.1540687
0.2768210894061502,0.9284409431866292,0.6730728268596196,159.08566,2.1834555
0.47742444085147284,0.9332715368607652,0.8189069409759717,163.83134,2.540534
0.36282466721995993,0.6452357815537294,0.8093282621864099,149.05324,1.6524863
0.3893746625868024,0.9009401529358099,0.534867850263756,148.93842,1.8460531
0.4127628559136906,0.5624570522622421,0.7540677565360634,133.68784,2.9305396
0.5189038209090342,0.5609519871162622,0.9138714368721985,159.04541,2.1958325
0.38968832618814464,0.8689203176074765,0.7693355502446294,119.23987,2.447821
0.29955922190111534,0.6092286379959909,1.4999725451384742,164.54655,2.5673041
0.2610980637841171,0.7982104226483757,1.3982410522662272,109.711815,2.9901233
0.39159379231423386,0.5762749995683841,1.1984096533377766,174.2521,1.8220481
0.3430601891135208,0.6685068897689727,1.0240969284580266,155.02617,2.1589053
0.35565740780277033,0.7538727178914371,1.1243193413568129,157.24844,2.367377
0.5330307055168743,0.8752544074641009,1.1313298800019864,119.77624,2.5773618
0.36998679823998365,0.7299148782596683,1.2069348189014653,122.61932,2.3127513
0.4989338081334461,0.7421999583155444,0.5789378755973505,123.57678,2.6821208
0.49823657782654973,0.94978960231806,0.7948724543880246,166.09834,2.2359312
0.2791898128771926,0.9426002020225293,1.1991173703992952,105.68603,2.4106398
0.3589131733933022,0.8772803684838357,1.4823580030650587,154.47672,2.1395047
0.5089452526573386,0.5556779092356615,0.526991551746234,164.69777,2.5714786
0.30900226869213293,0.9026144186772226,0.6290142154119245,168.11613,1.8602238
0.3478233458366556,0.7451127493890264,0.6405411339072579,147.72157,2.040479
0.4503496084645441,0.5913850402408416,0.5650468650917964,140.84784,2.1764364
0.5319000898238386,0.6325368867000161,1.3373757127185848,144.34114,1.8044131
0.5296706182240727,0.6091154507920911,0.6270258898457653,147.45105,2.0797708
0.3428883497087354,0.7974823889051966,0.6988410906817065,137.18326,3.0886002
0.3989024397730246,0.689020652652072,0.7954145095819772,116.6591,2.9191902
0.3491972710471812,0.6145642251486263,1.034980609744677,174.25107,2.2410352
0.5372079226760935,0.7194943895806053,0.7743505309341944,136.06723,2.871157
0.38824304245172736,0.8919699441539986,1.4957516391870451,139.53477,2.1965868
0.44524603188552897,0.8317235604756379,0.7603078566411193,149.21457,2.0990543
0.45413981706361695,0.8983450851585519,0.9235122528644618,106.72802,3.1111896
0.3906015465443604,0.6297161294728331,1.3191068037518117,139.49005,2.3076394
0.3258726762266636,0.6956819179132288,0.9865609978376234,142.51349,2.3536918
0.44662811648548956,0.8762056552962314,0.6430905484315758,158.66724,1.7168801
0.5035836871164465,0.8492859174087981,0.9144315098012561,131.44571,2.2645757
0.4926639135983019,0.6287552588429235,0.5099881330897164,160.57375,1.7695904
0.31167115676057155,0.6671068528861689,1.2039764422742334,114.215775,2.7484515
0.5082374193865437,0.9100712013336679,0.5489575273085301,145.42851,2.2390997
0.3691389555529797,0.6317581116088259,1.0047458029851848,107.71096,2.8768182
0.40241381517466535,0.8917240835635143,0.6343351799272131,114.82485,2.2707653
0.454892914741291,0.7304312686065111,0.6340670867453442,142.69707,2.007632
0.3904798842041789,0.6955810850291373,1.406222782791715,131.43391,2.072058
0.42303135231362576,0.7812958701891807,1.0468668314889373,153.91434,1.6330452
0.2878297899087007,0.5590767799714587,1.3080263893987225,121.58236,2.2977843
0.27711340597532613,0.8131119972078057,1.0254022352289978,128.66785,2.9513016
0.3379428659754175,0.637136849384366,1.477800289601561,135.64467,2.9845872
0.31426134320577,0.6225906232055556,1.303813334235258,126.98873,2.567741
0.2828838479538348,0.8876625835919789,1.2284667893676113,112.419044,3.1101668
0.47863213543003613,0.7324799029407015,0.9476527105183129,140.3792,2.1180565
0.4537507876341483,0.5800563371636903,1.2678047782330104,146.72783,2.1603518
0.5329958691185488,0.7603705651948471,1.4233052034841671,110.28956,3.094699
0.49495154545949327,0.5734561888051608,1.3673490097179268,117.98095,2.281099
0.3328527745243516,0.7864910030988937,0.5600864981897716,132.2653,2.4386477
0.409364589298006,0.6351852190331964,0.9668087979227405,119.90703,3.1202512
0.3568462759624126,0.5816657975833028,1.3753133370402213,158.5867,2.091971
0.5036112092380389,0.6794753691570996,1.4903341866631563,149.14542,2.3229327
0.42746783522565435,0.7480946245021877,1.2826368955113643,136.51994,2.2795658
0.3091966082261528,0.8553089708311322,1.1132409269051147,119.41535,2.2959094
0.44800407088986627,0.8306385055708467,0.8699788660889395,122.66454,3.0617378
0.40795992589322283,0.9042452406671089,0.9400097847619511,164.00403,2.3232744
0.5039673254186026,0.7214813657861341,1.202600709197982,170.61797,1.9334491
0.47689638452466343,0.5932925998736301,1.1313460496241796,131.49397,2.7132008
0.465159343349663,0.8458704831123347,0.7715097632139544,122.39907,2.2630265
0.5479115299581994,0.8117913197285573,0.685637032051593,168.08185,1.9677467
0.35686191671267187,0.7500298890152195,0.5322065756619587,168.56975,1.9556847
0.2650994612144558,0.9291734829976025,1.0165990935829847,159.65453,1.9503393
0.4130445830418338,0.878603250214302,0.8073512659290545,130.4084,2.8258538
0.46559813218675605,0.7619053789290795,1.3058852825772558,126.96579,2.2678585
0.4717143430851898,0.6340136715547645,0.8679916044040072,123.99329,2.4063902
0.549906850089694,0.7380978365015405,0.5765268979481254,156.49583,2.2087185
0.5086332533855791,0.5826795992693606,1.4756960054521373,152.93839,2.0392492
0.47993554983548525,0.8617449430757946,0.9317737320413124,162.70161,2.0063803
0.5022767314740288,0.6255235454064659,1.1359485647089071,123.37483,2.5419989
0.5091981733929405,0.8145247890835232,0.8672444406305069,138.30254,2.8660517
0.3998412809624391,0.9221347723503508,1.182774999884697,144.04538,2.335408
0.3594512858553746,0.9393374850759769,0.6066865580202131,162.47388,2.0450137
0.35561004045752914,0.5555042292504575,0.9044450486853958,156.41393,2.3098283
0.34378434350999054,0.8072284019333376,1.2011356501834833,136.50534,2.1551983
0.4653123220778007,0.75751703070371,1.4122071000227276,116.35995,2.6208835
0.3910201463463211,0.7984550868479908,1.2485929003701464,173.21104,1.927477
0.4974653947270188,0.6101399124026674,1.1660549131053313,153.40337,2.3804646
0.4454855936446962,0.5713629883796577,0.870554546539007,154.99893,2.2165155
0.510029732235784,0.8265291029404076,0.6857035201535031,148.9534,2.2807262
0.5449087014329794,0.7464488149068207,0.8269965165224921,146.35744,1.9513738
0.39849594377886904,0.600801984455665,1.2921817568263303,109.56155,2.7342486
0.5123592287060377,0.5846596350015806,0.8926377193805719,143.82219,1.8941671
0.372386245483851,0.6525921250406906,1.1666631436288473,140.29512,2.7861657
0.5197806858551586,0.9231010826163668,0.8975936151647578,133.02698,2.4771302
0.3430985760469903,0.9308741292616378,0.8283935218853264,152.2267,2.1085944
0.2622799250751056,0.727065299851152,1.2511026465445705,152.24257,2.0648565
0.5226737992930122,0.6452071781947476,0.9689301313552819,133.47568,3.0260363
0.25719843429419725,0.8750774860439596,0.9642262719555758,104.839745,3.053331
0.5161177850912437,0.8072697453558925,1.3956264285777418,153.21336,2.5522661
0.4183491546602443,0.5886184958192752,0.693864713656496,138.52022,2.3048928
0.42453797181501757,0.8454193374693616,1.4508926959331867,125.74254,2.9924161
0.27071928847673876,0.9067420351124826,1.010313316389916,154.9653,2.00498
0.32191290698158537,0.8696249506263263,1.0358896442546106,134.38692,2.1834342
0.37855245428336015,0.6871771427360174,0.5330252270157507,154.14886,2.389312
0.4096225443148276,0.9253499553626211,0.7664507369089089,122.18995,2.6096315
0.5047187208664026,0.8976533340485677,0.6806460129850024,154.25241,1.6395111
0.4331512615770786,0.8644000008037637,1.313702258309712,162.90494,1.9458762
0.410932334534315,0.8410900155113187,0.6436004709371387,134.28894,2.6581566
0.48249518652522116,0.7596779204299234,1.1614819384200468,115.41335,2.4727244
0.37912193336335553,0.707552611663057,0.7684859891457304,140.3278,2.2372482
0.4965264907554587,0.8526576273819376,0.6705401082788696,137.30634,2.6409078
0.5161258739059715,0.6103629228925401,0.6481619238607491,119.19725,2.576124
0.4970889868814894,0.6688466522231106,0.6476132547974179,174.28035,1.8301185
0.42144226108632243,0.7049182987629901,1.4460382220804493,130.75272,2.0508435
0.44900201868113854,0.796394174832192,0.807541047904453,109.663765,2.3651786
0.3623676871561348,0.7095341641755822,0.8674441236782776,150.90671,2.1545854
0.44582977503160615,0.6279285132587168,0.8782800107810554,168.452,1.5950179
0.4806757986005615,0.8360930186188268,1.2590226917928087,158.6673,1.9080025
0.2926549979774599,0.9248779884280431,0.6375875601844884,135.7924,2.5137408
0.46564006534651836,0.610215541027868,0.7872623682010399,154.05858,2.124209
0.3362930636161745,0.9147177867349273,0.5707513667648265,147.7092,2.3331294
0.3165505318502876,0.6179740458673003,0.9040105134283032,107.82829,2.7595572
0.30917836320226155,0.743483833153466,0.8424191212956945,153.86009,1.7708504
0.29229113339920815,0.7165539097020722,0.5013993446190034,136.32887,2.9703896
0.5291238677346077,0.6800231229103006,1.1047839767317174,122.6936,2.4394834
0.2973467711169792,0.7011814663777565,1.3562995391294468,144.8234,2.2982082
0.540322782345067,0.7888444728124906,1.250219577860639,152.42805,1.6991357
0.3452820607092238,0.5654304998813324,1.2809401730346504,123.21809,2.193085
0.3427513560508723,0.6864135488547848,0.9759327757053459,159.36043,2.19612
0.3134284057196661,0.7057378843302695,0.5540749813723257,145.05852,2.131641
0.2700129680341926,0.7240270570736834,0.9411005077149525,139.23492,2.4705622
0.5306876889827943,0.766973414001362,0.9722615214056048,164.67834,1.8345636
0.4614760210769133,0.6497905144529359,1.3476300126454595,144.15112,1.9373775
0.36351225289274103,0.7527032334312528,1.1915317968221864,123.02827,2.5175896
0.5282970046783738,0.5809996982341709,1.4551008605844138,144.26118,2.1313775
0.43873769917897315,0.5671612062307433,0.9572977342105691,137.85751,2.4719274
0.3979899622477552,0.6823365665570832,1.0614397680389627,144.524,2.0702043
0.3821944535380164,0.8125236269097065,1.0159175278202417,148.6023,2.2727928
0.3490862555012398,0.9174700637264783,1.059980413612938,163.77493,1.7402173
0.4639009738812908,0.6207918531512973,0.8096227708619702,125.08922,2.6681147
0.48634542253712587,0.7704602306733601,0.9751056175389002,141.44147,2.212697
0.41083561009501063,0.9243377782317075,1.2199748795807523,121.01285,2.2245345
0.3535777365152237,0.9063973913840611,0.9270731925950745,123.99287,2.573964
0.35331472199246655,0.9194229749417298,1.196544490363078,136.71436,2.3833163
0.29487625157145053,0.6759999554195399,0.5777731043836181,120.02662,2.9497404
0.4255386399850086,0.557129247428808,1.3314260510753129,106.61134,2.7990713
0.40011980544749737,0.6211359761119142,0.6153876775648183,145.57446,2.2168152
0.3267572287397944,0.7446866331256947,0.9578276406014898,145.39977,2.7379446
0.3375320807415328,0.8060882136521201,0.8594901665559327,160.00192,1.9412645
0.5438646891767323,0.7149997198315942,1.2516112104195918,114.69969,2.15808
0.5244863286402699,0.6518651555607484,1.481303544807481,126.83592,2.824271
0.5349907768962787,0.9295509519130656,0.5998767805258602,160.70892,2.331472
0.4165886138253869,0.6405108762829067,1.2546123297591063,127.483444,3.0361958
0.39897143750210234,0.835802682590045,0.5130177639017371,139.69186,2.8740263
0.3429525713727978,0.6402120164167828,1.4657037514092373,171.02959,1.7748979
0.4625767920671394,0.6133574433024758,0.6632620345157509,110.621025,2.5635812
0.4825463879296146,0.5620439573008641,1.244794588335708,118.20673,2.5040638
0.2824405826221016,0.6488795092273392,1.3972215544501916,107.657845,2.7160528
0.5004671220339278,0.5934202962153827,0.6969732489997078,173.89795,1.6516131
0.31425852900380324,0.5710972908496001,1.333722028621414,136.13708,2.0702143
0.3615525247199092,0.5805616076302601,0.7014695987236861,132.29225,2.4175444
0.5176139290088855,0.5575070510812418,0.9652894172301318,141.62282,1.5856569
0.5023560099765382,0.8237398432846397,1.3478123415782433,167.16026,2.1114457
0.48122594050455525,0.5970430186990554,1.2390600006506143,122.32501,2.9311917
0.38962234512576965,0.6781151855583443,0.8279068213220985,159.03897,2.1435618
0.4655084797563688,0.8028581675594071,1.2426119627330445,140.45206,1.9632121
0.3536762945741836,0.7238073304304139,0.9671924653821546,122.602425,2.5182483
0.31995165369082434,0.8419272885762501,1.0727067613467316,161.7118,2.5001228
0.4260706417238884,0.782678628534599,1.4664974868178398,138.64671,2.4074743
0.4919988781528467,0.8733813702131104,0.9898900922070671,123.18604,2.1770504
0.2525310837437164,0.7751377952192356,0.8807079573450103,145.78554,2.0645175
0.3281346482480696,0.9065732145723185,0.7598961197212628,152.522,2.4057932
0.5317087770787836,0.6719792527082844,1.2665807253515857,124.99445,3.108875
0.4097629459062445,0.6060362350751693,0.890711387096865,125.477585,2.667502
0.4535969462572754,0.6199501030437166,1.4995940441840936,143.1477,2.0713112
0.4708551832455181,0.7723477092060985,1.2845195541055527,153.92606,2.4983945
0.3751347775073439,0.9077030124053476,0.8493498742660796,149.51582,2.4906564
0.25783533620869326,0.8186296482682722,1.1127093731560005,162.59953,2.2966535
0.5499519861424126,0.9145958012612172,1.1814088012886437,160.07126,2.3329453
0.27057583022152354,0.8756703301647396,0.9175870504799934,163.15533,2.4823875
0.3272585345842864,0.8492669144259606,1.2989663274403327,164.20018,2.138256
0.37127766771396997,0.7675259963781185,1.2130422410784365,145.65471,1.6032642
0.4086888100439943,0.5718709795004636,1.4768505542487422,158.49132,2.4520936
0.48586295787657247,0.7845910640184852,0.9654682876380567,116.728966,2.328035
0.4006895238197795,0.9153928305801049,0.9149479126147395,134.55093,2.0121248
0.46585449180130134,0.8713257267417898,1.3992305263791422,152.76295,2.289732
0.3088049713025648,0.6624926913260959,1.4216542204570204,154.89081,2.3506057
0.44527099451771834,0.5578955769546997,1.3982364625722548,120.55864,2.785898
0.38151253118535255,0.6373614926700368,1.3753967393274649,126.52289,1.9765855
0.4938152918703926,0.8249173697463426,0.7647987811329313,144.7159,2.3478482
0.398751888689563,0.5896876336913467,0.8833163318741608,167.56773,2.3662798
0.34860759715069844,0.6503412070969519,1.278108036275572,147.70576,2.7071974
0.3624143979532545,0.9438509657819035,1.1853148183910092,120.18765,2.2447991
0.28194564132566324,0.6825591392553797,0.6215664657985426,109.14763,2.966432
0.48973476021933365,0.9428701117068774,1.4653101559829047,157.82402,2.0433717
0.2687452923872458,0.8588834414708841,0.9143188678930078,118.09208,2.7431104
0.4914781648019914,0.7252415180964159,0.9843579879150778,164.53815,2.286756
0.4517339928421418,0.7396732933833476,1.0709057128452626,137.44751,2.2807362
0.3484496961727338,0.7824271613897391,0.6948719196485226,133.48235,2.5554397
0.2866824845161571,0.7108114235047408,1.41277876478058,142.29332,2.3309424
0.4946860457133009,0.9492457774484923,0.7784794152522584,147.92177,1.8015118
0.5230806836396522,0.9432845066643674,1.3653833457127957,109.77038,2.328013
0.3905427325356367,0.8812491175772504,0.6191811863681537,141.19084,2.6670005
0.28659655940455986,0.8528416968489626,0.685722228684372,141.63057,2.3799458
0.3710992723641773,0.6495211267160457,0.8195320151725328,154.94276,2.0647995
0.37801405022794743,0.6192584783628772,1.266159537999754,141.71492,2.2035694
0.35893998460982224,0.8962056764986632,0.9357113234991715,138.54938,2.4307206
0.3289567105141261,0.6238996252808519,1.3078276691785713,157.5866,2.0369596
0.3221069942394239,0.5735133336683391,1.0462158720028665,140.34169,2.208672
0.46172859377537057,0.7427708797478817,0.5652973303889337,136.15312,2.7360997
0.3217034797900513,0.6205879780773735,0.5114080582832548,174.0239,2.201514
0.35969636225551127,0.7617797235250889,1.4154408277538257,155.21284,2.0153823
0.2777711453789988,0.8137207132479454,0.7639157798295465,119.479195,2.269729
0.28683240678754307,0.8091203280319559,0.8019937281924949,153.82822,2.2294004
0.3843053402889709,0.8405370006531873,0.7570512602374098,116.46841,2.3923314
0.5334870328579429,0.8886755180165852,0.8945102928563745,130.3013,2.5703416
0.37058045658656635,0.9485691408016927,0.9623930546816772,143.02965,2.0417488
0.37752931987287897,0.5756421927427087,0.6167001106632332,117.88273,2.4980357
0.45362252617526744,0.5903915112325566,1.2256514083837917,116.6682,2.295462
0.4348575548333884,0.705596756409913,0.9187157398765902,122.38376,2.5728235
0.3636035410471057,0.8245736407347574,0.9550523237721724,156.69467,2.199985
0.41815559650508455,0.6950321992957236,1.3888123429357067,161.02863,2.4386752
0.5220826597400943,0.6852298657925937,0.729524204678005,147.84811,2.5600588
0.43476066652091694,0.7222575648926398,0.6083211859537978,157.10191,2.5067034
0.47601488029217986,0.9013925140050856,0.6127905611831893,156.31935,2.494726
0.47686799264035606,0.6477291538295172,1.3179018741948112,145.91324,2.5877657
0.5264697282969225,0.5900048392351298,1.2414001011845728,131.4008,2.7261379
0.2524389054950888,0.6040929011448524,1.1309194629310064,171.31023,1.7787759
0.2985529053448557,0.569838527991964,1.4634008358455644,147.50293,2.5696962
0.43778857792661974,0.6872166676229464,1.3588985635293356,116.028564,2.8922029
0.5306913305111047,0.7093880465940777,1.319103003964889,136.87738,2.3586195
0.26623102551437394,0.8372601054039472,0.5004825048134889,144.32841,2.3423402
0.5115201617436607,0.7965935107499579,0.5047069602032231,132.36276,2.7485657
0.5139942093928388,0.600149258972456,0.7103714744006068,169.4873,1.8502426
0.4614097679503748,0.7969686279630372,1.1553309784411683,161.60469,1.981069
0.38395068636201934,0.9486491085157244,0.9837360185267688,143.00832,2.346374
0.44102924659627907,0.6413274914022308,1.334641410279014,173.09045,1.740161
0.4449731761697182,0.7292099828033115,1.4769231286519404,160.80217,2.3059883
0.36593431915352387,0.921502728156566,1.008265918055804,119.081055,2.8137686
0.28535037014517617,0.819841919773878,0.5573443585402588,138.92216,2.8005908
0.3660633705168083,0.5683328634061819,0.9309136601241705,119.39845,2.7168036
0.4112051165423039,0.8420926313505859,0.6310811001049427,129.58183,2.3640778
0.4064228803945896,0.6108437236767567,1.2105191202749483,127.016716,2.4779131
0.46523252974811263,0.8367034213132709,0.9703545256742042,160.86476,1.944636
0.44900425966615354,0.7708363725555112,0.7190162389687255,147.97714,2.2759109
0.34829778333893213,0.747519036323552,1.231506810358502,174.22287,1.8342247
0.47543321635314717,0.7882551907893485,0.7724823292423382,151.91214,2.4983356
0.3450810342923758,0.7467215726686707,1.331986306568842,125.057106,2.9994283
0.5186350635298959,0.7118833726545786,0.8666200417795101,133.03769,2.2085667
0.4776641280598168,0.8146357085410394,0.7796092269285984,152.28734,1.9895431
0.4438316101736718,0.6136994032735539,1.0139085190664265,132.88144,2.2776856
0.36069475747099633,0.8365959664712772,0.9736234563039232,125.5315,2.2146676
0.4856049387862902,0.9113399763405332,0.7556467203724531,131.43903,2.0036368
0.32576361958909317,0.5650668335530529,1.372763333987212,124.41208,2.5564654
0.5164271366857434,0.6932934396066305,1.1764465336205183,156.66487,2.2576556
0.4495832896884612,0.5717630108753934,1.0913646785281617,122.14878,2.8694696
0.41490967175719795,0.9297357844001704,1.1875248232927165,116.20519,3.026185
0.4366070464413335,0.587272677287466,0.500873251016092,141.72581,1.9291025
0.5078873441359211,0.5664899289818972,1.2774564434216213,129.53839,2.5297904
0.4865508742186406,0.8642528313856017,0.7830730941402606,150.43507,2.0793722
0.28391410476363454,0.7380597535822189,1.4395377034780437,122.41749,2.81413
0.27074548364979717,0.7139893430604999,1.0144376466776466,142.35855,1.6917832
0.40468053782205626,0.9475107953302822,0.5648621952700581,133.75348,2.5927684
0.4026388044548262,0.894304172563684,1.1775852953784,172.09856,1.6965336
0.2669761703510526,0.5997062037981798,0.8511024808042646,144.31538,2.1648037
0.43179058538196413,0.821533259368076,0.996044538599838,141.84785,2.4946697
0.33342388072021084,0.7700332827205634,0.5268445714805288,165.64398,2.361036
0.348245222678441,0.9473309775559362,0.632211215810286,116.327835,3.0877578
0.37560531388561375,0.7255487100801068,0.9817503094067146,141.71678,1.8973216
0.3044034597943309,0.8491637095538178,1.1496985477933692,155.01971,2.26235
0.42910517226614686,0.7800071323911378,0.8324149663361944,140.69609,2.1581514
0.39773157616669164,0.799963375266322,0.9823343981783716,159.3651,2.327534
0.3680358997812309,0.5812410968718658,1.3855045160562431,124.86021,3.0352888
0.35143497939952034,0.7009458764900658,0.8627813750392619,135.54393,2.2368703
0.43663900426339186,0.6465261232505475,1.3422394006795888,134.69891,2.6457548
0.3733191107368825,0.8146301108123464,1.121002970417332,125.89043,2.6247408
0.37132783349986037,0.6241125255702678,1.2710096387547622,162.55693,2.184788
0.3614162055119534,0.7707818195971856,1.2840241789984859,125.59158,1.9788932
0.4509330437317661,0.8303305779665764,0.682693637000028,147.23517,2.388347
0.35933465790772157,0.9472660546865395,1.2773777538762079,129.34341,2.4150202
0.4326141295650629,0.8638983963307603,1.0792410825860488,146.97472,2.1975658
0.30810509615320075,0.7684549324570804,1.4633233295404755,149.23888,2.2416253
0.2666914205799941,0.914468045198646,1.0260855022837936,170.70117,2.223347
0.540544196373157,0.9461797620833069,1.392512616827319,140.98029,2.5946457
0.3543300622711533,0.7135743601330238,0.876569616764467,134.33,2.9277616
0.4941932473644433,0.7536304175260706,0.9659797669028827,143.15479,2.050431
0.3525156195873258,0.7910679123320338,1.1225011273732204,136.47157,2.1017823
0.263618799043298,0.7225908493756353,1.24045257091593,140.72067,2.7001677
0.43588423198267734,0.8318031774927858,1.3989420708520677,114.89716,3.1411443
0.5250196676826424,0.7829494253034104,1.2911879480467348,106.834236,3.04029
0.5403152286205792,0.930186332839221,1.325880714059466,138.22752,3.0042517
0.5023624831836834,0.6351295739705424,0.665394414158263,121.03865,2.0533345
0.4077553803801777,0.929052342560317,1.0604061477782833,148.34598,2.3743064
0.38217255897949226,0.7859460217979832,1.0536572068518595,124.24786,2.6043136
0.2946019375394595,0.6008094057612757,0.6092436803193497,163.78444,1.6640908
0.3802286478663187,0.8722942698755052,1.4113085965162524,153.97394,1.9912689
0.3735315816923567,0.766309360648752,0.814233730310821,137.74568,1.926815
0.5466961244916133,0.8641689430564828,0.7508644711870245,172.90195,1.7259421
0.40910653682904674,0.9304035796648741,1.3291009574682497,147.94095,2.0579863
0.39967144757812423,0.725951631370866,0.6924058757508695,145.96605,1.6013466
0.5161478059190626,0.6677507892570457,1.1818125081463307,148.304,2.3470192
0.25957190074462716,0.7289545339388075,0.699564413760481,125.941734,2.5506973
0.35500424702972055,0.7812690665564268,0.6382419042778509,137.31047,2.350409
0.5491208877009276,0.9064117341018805,1.365183881685172,160.32613,1.6879213
0.32779485609100034,0.5899409537495879,0.6181681475690106,139.10703,2.4780777
0.5400102741512398,0.9206251770843957,1.217350736126368,105.556816,2.9550877
0.4026550465408818,0.8282147847137835,0.5122606322828439,142.92465,1.8888084
0.2801022493815003,0.830983334141171,1.2051651721996521,132.57462,2.8140056
0.3392712267681713,0.6968929962326493,0.73510061329133,124.35785,2.1725876
0.392833000277649,0.7905336399107395,1.2184807397842121,131.0921,1.9578806
0.268930223540329,0.6966909486082886,1.2050040931293244,118.38792,2.756771
0.42982134738283595,0.6025155156933735,1.1813795045189495,133.41292,2.7988124
0.42165423785422507,0.8133972036271597,1.2453020378091963,119.40514,1.9844975
0.5139538011349802,0.6791564184127306,1.0950584095667752,158.08812,1.987711
0.546318790158874,0.6739943580958435,0.9987742128152577,143.82722,1.9249624
0.4341018881182586,0.6547416042943354,1.1521368170004287,134.51285,2.1898065
0.3160376180376514,0.625730420027113,1.0651215951643422,154.56145,1.8825896
0.4599206018377144,0.7087208409978905,1.2378496863923367,140.3568,2.3200698
0.5050863949747604,0.5931392018018286,0.642974865738808,143.50496,2.2447622
0.48400113306605785,0.6686258358199367,1.1259191570390765,138.739,2.243064
0.29617663944139017,0.8746539661544523,0.961552286566598,159.04063,1.6612087
0.32803191624494343,0.6504852088274196,0.5774076061313881,118.56513,2.870258
0.5231481251115526,0.9348318320436009,1.436413774030874,156.86829,2.1823974
0.5421276673793101,0.590815376825484,0.5866676578324086,141.33546,2.0589209
0.5067016506469966,0.5670596921019059,1.117820645483527,115.68524,2.8246276
0.35758241984156564,0.756454528378998,1.190086480962886,136.09706,2.849865
0.253002375660161,0.7585300334886926,1.131249701663151,139.5698,2.2109385
0.39281520581320456,0.5967353041951018,1.1079629292229982,140.26117,1.9230292
0.38493043276721384,0.8355159538348892,1.0595929033947453,129.66045,2.4714162
0.4164730873087279,0.909388988739495,1.0878526461422466,157.82426,1.9476101
0.533648714459271,0.8043949910682858,0.5408559258906104,125.87139,1.987676
0.47705291292386454,0.7069667400868216,1.156754612772855,153.5095,2.3080919
0.3981800111298701,0.932085347069466,1.1160179691310321,153.35396,2.4895706
0.5155503998755657,0.8900207700063496,1.2528469190668547,118.191475,2.6021786
0.45083993936187805,0.6296747464780045,0.5521730235560071,116.88921,2.5541368
0.48805644698178063,0.8318464275007265,1.3655632963666893,145.08939,2.6189556
0.3803748501415599,0.8278338942663046,1.2088561451173594,118.528885,2.7333024
0.48682344318576404,0.5746721097015213,0.8751179351178658,138.07433,2.4959886
0.5212324772774772,0.7359726344024797,1.4545644309633552,121.00232,2.421297
0.5321231117040609,0.9200721885046439,0.752998730762644,164.40958,2.5112834
0.5188285934740802,0.6603255170705897,1.31645424705792,161.42813,1.8908083
0.3651504369157025,0.636301888442654,1.3594478047707674,142.96661,1.9310812
0.5313659387870484,0.5769971173675895,0.851328598807257,164.59427,2.254025
0.45312148130999175,0.7218700026164319,1.4583221101523896,149.01227,1.9725885
0.42782850484921464,0.5898152004085206,0.8734953090199264,116.57459,2.5991404
0.4269836566718718,0.76585949287916,1.0965243685947965,156.48447,2.445717
0.5141615238751627,0.6803690302922349,0.8649440911088693,163.02365,1.7098501
0.41705274082784,0.6879418672268681,1.1935873016995222,142.24115,2.214228
0.5050842180240351,0.840949557052157,1.4342226142467376,138.36977,3.0738742
0.3694987235252639,0.6447320391442557,0.6421625965088906,146.28456,2.1292644
0.30116715085528745,0.9203534601990077,0.770800605507262,135.30727,2.4891388
0.2894949204447549,0.5540476501151912,1.1163207463382205,137.12724,1.9417973
0.40965082618186477,0.889986903638852,0.5854802239581641,151.44124,2.3794615
0.3027199691296681,0.5562467388703294,1.3282912653853574,143.40292,2.0162132
0.42019311816732985,0.8849640465367399,0.9109287431620852,145.73103,1.8578188
0.384849353076004,0.710199139290442,1.2397359769215606,112.71207,2.1548407
0.37073090640529355,0.6951349191048176,0.8049940575866632,134.77333,2.7752194
0.3771331363962952,0.9267586316464458,1.2786021987036158,149.31001,2.8460116
0.36636911399652095,0.8716230301450116,1.126116829578682,142.31845,2.449033
0.5415820237387612,0.6681649406577616,1.0592230600418024,126.27359,2.3160248
0.5260883650039101,0.7390648370775733,0.5573735120061063,145.54512,2.4856741
0.4159778474338316,0.7131714023088611,1.3273265985659637,152.3057,2.0681689
0.3081217141285666,0.7747738852809319,0.7489766734067844,153.87138,1.9707016
0.3288184099679897,0.7043391583063886,0.553177579700052,147.50595,2.4833276
0.4988993367533514,0.6871427840210941,1.0040610183563612,153.6339,2.2335343
0.47022954917622595,0.5561043507956686,0.863030546608599,153.8634,2.300053
0.5252919618014613,0.6188235033971058,1.2639759144173106,151.7253,2.4938278
0.5113097833283329,0.69258621072441,1.4925348577581015,137.34323,1.9248879
0.4867963649214957,0.7927428297514234,1.1200754335554923,154.71667,2.5473614
0.4160954746003112,0.8257172210757435,0.8239367134787229,148.12158,2.474495
0.31615734430985476,0.6962822849780483,0.8549908669417702,149.1554,1.9893486
0.4125792270519946,0.5855124485090388,0.9458885961189375,163.50905,2.3486254
0.42257979723027594,0.8406549373286781,0.6474284665830529,135.97615,2.2248168
0.30742293431742884,0.7516799558668872,1.2941431798987968,110.25367,2.6894546
0.5088669571929997,0.7133543950787602,1.287608571031631,160.51813,2.0569544
0.5392474108910816,0.8940554976623448,0.8839233086378852,145.1226,2.5810783
0.38773556506694956,0.5606277808716501,0.6489821954863821,163.92793,2.055011
0.5090880824998796,0.7004441257868208,0.6534857554094545,155.01283,1.6435764
0.3097809456585609,0.5709439200819657,1.357715410944479,162.12138,2.3108337
0.42019156789421963,0.6647176816406478,0.9815930667294216,163.24773,2.0532088
0.45230259406217144,0.8099646531979858,0.7314869700237593,129.28621,2.4592123
0.42231182669085543,0.5692669268917318,0.9440780303194882,129.75623,2.3426645
0.5322829763247583,0.7168518611203918,1.191750195601937,118.27268,2.568266
0.5223950682914428,0.7810624478447226,1.4655435251194073,148.90443,2.7698417
0.5241185605043535,0.930208621804721,1.4380676336606801,163.30428,2.255558
0.2663247405883799,0.6017941474775297,1.4214423619312901,126.328804,2.7890303
0.4763371146385667,0.677803954652915,0.9427792523173667,111.95694,2.8785682
0.498440873442073,0.8261223160991111,0.5673905888804576,155.21964,1.8671298
0.2579016767164893,0.7562974869971607,1.3018318128011082,154.02357,1.9898387
0.29439630084644,0.8038360294626651,1.1148505929392019,151.63441,2.354716
0.25523388002094555,0.6100366457778619,0.5633849844130623,144.99751,2.2298594
0.37771335735013156,0.6117980082187315,0.8600999455396667,135.32812,2.091655
0.4726207205580705,0.8467805765101966,0.6298172385930273,123.48081,2.316707
0.48300895099860774,0.6775850239253814,1.4061689562372162,142.16762,2.2278354
0.27320545596689305,0.8761851185055276,1.44041314150352,170.16777,2.3034592
0.4879469700303163,0.8286909248344909,0.7384653864762206,132.59407,2.1782815
0.3638747797899738,0.9092266829024223,0.6643216141506116,119.96077,2.2355964
0.5173248448001376,0.770386241530261,0.7849922432802684,119.94752,2.259121
0.41333130351369873,0.7733657265514642,1.2992081209327386,156.36565,2.2434406
0.441202320550912,0.8890021900209937,1.0874897198358482,125.712326,2.3597572
0.28867426396119095,0.9484854531702922,0.9123615147260812,166.31845,2.1215296
0.39980554176054056,0.6319679204443693,1.3777022720888197,155.06657,2.0656624
0.35982460483946777,0.5530474063855626,1.3971818788185384,143.51974,2.544678
0.2937128755695511,0.7388942183245619,0.8149896067805457,138.4987,2.3166597
0.2640285192006979,0.9421829245133485,1.4275295287648113,119.37649,2.7228847
0.5070515822529373,0.7698478438842533,0.7731602119837927,146.31412,2.4825368
0.3082568590477487,0.7955269587158968,0.6996657722212678,144.0328,1.7451926
0.43473939194948674,0.8654888880841534,1.1109131340965006,155.98334,1.9291749
0.4134602607142397,0.668636627424911,0.7744764976279105,108.20865,2.2190232
0.3830624997765626,0.7824932540318684,1.2691216680275532,147.19307,2.321031
0.28798033267616274,0.6092196337346619,0.6321950839283139,108.58071,2.6366978
0.48139030649694603,0.6585034397289302,0.5891570136496725,136.30801,2.152712
0.4892643980170767,0.8998244523517922,1.3575699310255964,168.27158,2.2730072
0.3107035140426162,0.570482534941763,0.9019015827575063,166.24147,1.9985918
0.35620837147298823,0.6357449022961166,1.0063460754466131,153.40288,1.8895673
0.4271238167489254,0.9191771623603879,1.0585274303986163,151.42412,1.5940028
0.36339650273346524,0.7373427407747664,0.9421391243695171,141.84792,2.1280086
0.4974386479777673,0.7937021899534571,1.194056481908723,147.57431,2.0673146
0.3825988235065195,0.8013419238302428,1.2747366206032713,138.21204,2.245428
0.27153312791823064,0.7408331464989506,0.8386956334207504,140.9225,2.0157213
0.33279822351650823,0.6163507231391485,1.232899700982268,143.01147,2.3127184
0.5142601842637922,0.6384370575021227,0.6358852764489382,126.998276,1.9889956
0.3316310466419521,0.7342284885124342,0.6962231333068344,153.96384,2.1852674
0.4180183140870719,0.6004651488659756,1.4300244420413706,145.47612,1.8902241
0.26214707011629956,0.8295564734712347,1.045024143469663,153.7503,2.1759872
0.3188457176206645,0.6368124619416163,1.0728304013940608,123.49457,2.2312615
0.3706494494752214,0.6625738294671244,0.6379531913992895,159.2324,1.906353
0.46747950786837156,0.5671281422295196,0.7516377423405921,120.17601,2.168862
0.40866416909515346,0.8133474056465686,0.6381148257425849,165.68915,2.1911669
0.44142702591282645,0.6348758744890343,0.7228901154246772,140.59384,2.305374
0.4404931636221932,0.6602276172531919,1.4664745058022337,136.45113,2.301822
0.486045499552363,0.7908300999578299,1.3094043390262977,130.73332,2.611667
0.3791288069068371,0.6884761905249382,0.580736297209387,130.18385,2.1836896
0.3710935824958327,0.7957179700279454,0.6789936383158701,152.8905,2.2172759
0.2841484546902463,0.8814970489082432,1.2101908402619963,141.20792,1.8127352
0.27604588637495425,0.9230736117494276,1.2144731920066043,154.37506,1.7952818
0.40861240456609405,0.6291790766508413,0.6883681875316937,116.794624,2.9440904
0.5393155011110962,0.9217969560329069,1.2788124980024074,143.91734,1.9672942
0.3719576889429893,0.770922535197739,0.9163086582690724,158.21559,1.6242119
0.48443764827396774,0.8684659795145753,1.2415295907999413,114.98357,2.3382406
0.34540195880331853,0.6100963760995035,1.422884915852476,163.62233,1.6626544
0.3047181180532219,0.6782318776941302,0.6285788202532009,144.11678,2.3485825
0.39260836742348626,0.91515471479425,1.1758950722063526,166.44942,1.9349262
0.5316210595151134,0.7147991002026041,1.4992718812968362,148.07375,2.7459416
0.527658761229334,0.7060565935782602,0.5233613242871019,146.70135,2.1611767
0.30917869875494686,0.7207919267374201,1.4285781640727602,157.76384,2.04314
0.30702011840544197,0.7246349985474942,0.750291599505104,143.31537,1.8943903
0.40585168780965813,0.5869111595820249,0.7824250535638281,155.82419,2.0699577
0.3374018218062399,0.9366751399133427,0.6934283948910257,163.0461,2.086391
0.31464749535594494,0.9274896120209063,0.6390327928332045,111.156715,2.300625
0.37995049336479647,0.6299769044292365,1.497223656197638,129.64005,2.1700954
0.452122747739393,0.7241936579545339,0.5972555263028073,158.74448,2.0270023
0.35856524404437495,0.7033707766606889,0.970215826349177,119.69582,2.5865874
0.4022614426023537,0.8707214494929298,0.9871598709167987,167.52898,2.3830504
0.4884154054899735,0.6148281317185226,1.3385812355013942,135.32896,3.1104906
0.4038925423436648,0.7432545908032064,0.9901210850081336,112.77949,3.108652
0.5099105850040079,0.7426161602057786,0.8796071541274701,163.65105,2.079208
0.4414688241766885,0.8108282318958946,0.6419806261850626,127.86518,2.2987003
0.3124017186899242,0.6312284894360556,1.3348131933984457,145.9411,2.3845434
0.5339141853938703,0.9168484915365303,0.6769542778366976,164.58083,2.5491493
0.2580683864526343,0.6752551605823275,1.167880251005828,128.49248,2.2862585
0.27990893150717777,0.7437332646209107,1.4570769648244415,128.5833,2.8251708
0.33923216394196115,0.569177727306803,0.8876163491884554,157.47742,2.28053
0.4713844430748432,0.7529414994497599,1.279628929241298,139.60617,2.4920163
0.35598281088241057,0.7427736762460911,0.8924018792411791,149.51436,2.3176727
0.37651393405174816,0.6089394069781884,0.9346995947317982,174.08258,1.6911377
0.28042559869117933,0.6788721211456256,0.9034321194689892,114.02041,2.566621
0.5060471730084739,0.814572715897534,1.0140894537253504,147.52113,2.1304753
0.5216165198264795,0.5918936817692539,1.3119383738210852,111.74576,3.1004403
0.2977286726339733,0.6774227363800936,0.5317771472947024,144.16911,2.0859518
0.5213185995952734,0.8439496739894026,1.157890515593881,144.47899,2.2359245
0.4391255211733114,0.921424472244424,1.0360130950696989,132.93286,2.4538052
0.28562067663436574,0.7300946661925287,0.7406188698912036,163.321,1.9904544
0.5098717260835202,0.5713446724084599,1.0227332355772205,123.56313,1.9782386
0.5018575735283806,0.7741159012661774,0.6150020229134955,143.03738,1.9707345
0.3494623415381573,0.6872481897568649,1.2415767108004343,107.80026,3.0278134
0.4923977043962089,0.5602834500494325,1.1447652556422763,162.37099,1.7485049
0.49967400087102276,0.7831083784261781,0.9904040694238107,148.34624,1.8839983
0.5448070713251046,0.5846158835102736,1.2344866776935148,138.07225,2.0173423
0.25263102939795473,0.9159952982945728,1.1315486844831308,139.32588,2.8742595
0.307464749320592,0.9374999510022333,0.6780103490963455,164.0768,1.6414992
0.3020658092337841,0.6200816812056887,0.6597068889815277,114.19275,2.8061094
0.4981190828555041,0.5942924290761383,0.5014451869992433,145.20876,2.0746322
0.44640733110027253,0.8902007772950544,0.9643029473389566,124.392525,2.8254807
0.3913211266297678,0.9218408455616527,0.9174723496929472,149.65869,1.8695378
0.2988346902891108,0.9029084301097742,0.699035408339158,151.26003,1.6501737
0.464658779420452,0.8712675918906578,0.7531290184858092,140.1114,2.5087945
0.3660451259914802,0.6219790774961562,0.8262114578747703,160.76689,1.7354401
0.3812296694331381,0.63441063983892,0.7760630946106386,155.1697,2.2623713
0.2687333900440628,0.9308848189724155,0.8757205467368154,138.71541,2.8903253
0.3167398603260641,0.6065725928632575,0.5285064101349387,113.77162,2.487689
0.3622480473234083,0.7458665983784655,1.4522799140465175,162.64888,1.8231856
0.3697198285836524,0.6358665514867561,1.0847867490444592,167.1375,1.742631
0.49802984924296867,0.7945828978498944,0.7858554587396983,143.11089,2.5541074
0.48351083981784193,0.8116107751397086,1.1374199957900213,113.60542,2.747047
0.30191957018497373,0.7880067526771544,1.1392276524050917,147.17654,1.6395965
0.3650977374862432,0.9463934077912141,1.261378538564927,148.23131,2.3788276
0.2840801742357977,0.8286429645889051,1.221711824012265,141.52539,2.1479113
0.3083747612863994,0.8709841792586577,1.4368186778664425,159.65419,1.6562262
0.27105532583547726,0.7735863083768193,0.6314362543817457,112.889626,2.6929681
0.28716914310097563,0.9164447807703454,0.9305914612586527,146.15373,2.2244077
0.29609985642706527,0.6933084940889973,0.6738545375232485,163.98174,1.7023065
0.44771284856603033,0.7922570838209542,1.1581751402232596,121.31015,2.7160854
0.47154222288530223,0.6111688753185344,1.4874453783312354,157.96259,1.744138
0.37364520070219126,0.938171082186053,1.4311414318477538,169.77138,2.2422252
0.3032289413842383,0.6316464080576557,1.3878369938522161,138.93472,2.0783048
0.49847234902948984,0.6760657374690223,0.5167635833051452,153.31442,2.2976959
0.43502607613398325,0.5522087200083845,1.2239248463447518,117.04977,2.7738628
0.4782201065314809,0.938249363391761,1.478501131542889,162.82915,2.332707
0.4688965176997826,0.6731833911731249,0.6833422934627558,133.38475,2.743905
0.5200903463248886,0.6587171069537486,0.5514968883111098,134.10706,2.3150222
0.45936054748653343,0.8791008503949435,0.5354909419943517,128.17209,2.1948833
0.25728606421478756,0.7993972385357602,0.9304629737838398,139.29355,2.2787862
0.38027527028560926,0.8514102371616977,0.7468468201919422,106.04748,2.5291367
0.47659510463183985,0.7829627232231757,0.7830584830070219,108.20396,2.9758265
0.5191720590172348,0.6130445544358335,0.7459696488897369,163.97389,2.378758
0.4151317445879696,0.5679212826637654,0.8525362694610689,109.5145,2.1453485
0.2813504512677846,0.8146232545307623,0.6028123354728592,149.95264,1.9524314
0.5152349083947025,0.933058445968218,0.948522422116478,144.16621,2.7026517
0.3579818319030004,0.8037491004054937,0.811522111217392,122.38521,2.6947591
0.32904341879099963,0.7541453764832222,1.19050761606589,140.42693,2.4261038
0.4287902274753205,0.61899265528222,0.6181726168152047,129.68521,3.1380417
0.26208879532104323,0.9403201445221703,0.8018989987052639,141.94101,2.1500351
0.49185431871808255,0.5912646154425445,0.6611354400580212,126.80707,2.4012914
0.2733748291277086,0.7044857410574006,1.1345744040594499,117.11871,2.760494
0.28722223977470446,0.8086648270441863,1.049180418882069,113.2613,3.0939825
0.2540051690392804,0.8712739143461501,1.4198791284977883,146.47496,2.2647731
0.4372014076081788,0.8960530333362084,1.316159015106612,149.0624,2.205428
0.2796277527656159,0.7840707744464688,0.9139790364169168,151.70146,1.6816777
0.46944269606125977,0.7255769118590647,1.0683941574690632,153.84251,2.3496828
0.26881645051402947,0.809203255448758,0.8590078274657665,127.28603,2.7174134
0.5488970070470591,0.556586263850517,0.7492358159393507,108.38691,2.8344421
0.37960642859119204,0.7206466649190164,0.9585955594776184,112.78073,2.6474895
0.26340604292192255,0.8224767554410819,0.5408033499035948,149.77736,1.6024997
0.3932675584229748,0.6298656757985663,1.3578456117738995,140.28076,2.4540308
0.47742313035483713,0.8312088424721729,0.9968703956206348,163.56096,2.244256
0.28304927850920414,0.759921945146405,1.383738571558093,131.49536,2.7789721
0.5295309233089622,0.8600632718386978,0.8819971162656085,164.46051,2.1197586
0.4010521505450166,0.5796638086749111,0.6156934592186128,117.38137,2.7071671
0.4557899563102909,0.7552655545760114,0.9382027192293204,159.52652,2.2346094
0.37344552057741925,0.7114515845063993,1.2264466207454126,161.70793,2.2651553
0.4281340856898054,0.8843990058996809,0.9070755631963601,160.76973,1.8680712
0.3308080809613956,0.7297948647137471,0.7307633879780587,166.40443,1.8137885
0.42682843500923157,0.6120119647142142,1.174435472948959,155.62842,2.3123047
0.2792847052318437,0.7043369116542225,0.7989421830726604,144.93552,2.08134
0.3927629516976104,0.7396809137834616,0.9605705213277295,149.13829,2.2953262
0.47132979740405545,0.6271000310230996,0.5226405756263013,160.71123,2.1219609
0.3069013655351598,0.6724800740101046,1.3403348246530875,163.73192,2.170696
0.38391216641678627,0.8014065952544036,1.320337555851034,108.78513,2.5567594
0.48874876401677003,0.9078438560091258,0.9297773536467278,116.30868,2.436428
0.333339699518833,0.6474040951145538,1.3312717278278279,146.74228,2.2590997
0.34438383893055907,0.6563917074522575,1.162581675553136,141.1425,2.1500127
0.42585269985320867,0.9355943366884518,0.8079713230498009,130.78526,2.6251853
0.3138013499647873,0.9189668989029524,0.8985208785907257,174.70593,2.0391984
0.45463453349649235,0.8838127678424373,0.5861185542616069,124.19387,2.5624833
0.3902621055577121,0.6857883690948121,0.8791114973401744,124.11304,2.5807402
0.3633008749580593,0.7521348527680615,1.2401505107417483,119.87864,2.9325593
0.256349661596921,0.794225651424013,1.0776094057570424,125.03019,2.127448
0.39282697362595675,0.5583827933081,0.6961178523400631,149.40877,2.1358554
0.424726998462003,0.7416706301715936,0.9906325300826938,146.83269,1.98736
0.5394514022801447,0.5638326080797,0.9451189734949428,127.06042,2.6186814
0.30060304390547116,0.7040950843051397,1.183332395083013,128.75348,2.297789
0.4112094397208541,0.7902958145984078,0.5529086608791334,122.91479,2.7667575
0.29845337615897083,0.5588936522815408,1.0233000015477516,168.8817,2.2545292
0.40314704413054425,0.8867279396791345,0.697001222562964,127.712906,2.6691728
0.38776142635276073,0.8575763488418449,0.8616389338014114,135.78,2.2123294
0.36659579722741636,0.8501824258909676,1.159838488217252,135.65399,2.0541916
0.32981823552512624,0.5724986753048054,0.7582235455153008,118.63917,2.0416896
0.2739679089273222,0.7085028603754366,1.064513654790968,165.16084,1.6871284
0.34730108853978975,0.9194723076059829,0.9971788538537371,147.11475,2.8882275
0.31931939817824134,0.5807536114786507,0.9829696797258961,138.5454,2.0212343
0.5057649700763955,0.6375487505375014,1.363702916993844,135.56245,2.0532308
0.5214992501433289,0.8864918098019544,0.542994912996593,134.33049,2.1595867
0.39439434435115406,0.7624078448929509,0.7060136833053301,144.4132,2.5593705
0.30554180980658563,0.9250947794705984,1.440403706021883,161.13754,2.0947504
0.36067300391870133,0.8443912687684737,1.1029761472658197,126.10899,2.870693
0.429292639277816,0.6069254016398137,0.68669685550387,110.6023,2.2581463
0.34941359245704906,0.6467733069964131,0.7088388553299526,118.29887,2.1722984
0.3390604407065509,0.8667367757976916,1.0173378743016641,174.36748,1.6255378
0.5402633847884133,0.6717585260654373,1.2826267873189505,142.38148,2.8388906
0.4852493787323878,0.8017919840963008,1.4933024496943599,109.0179,2.2565339
0.45901029120254355,0.7086411113565635,0.6824578447769271,115.78325,2.4309413
0.45744456699571967,0.7074043936834589,0.6017036800020497,120.099754,2.8825145
0.45724330746684594,0.8048467286691083,0.5824278551150633,161.73143,2.1833825
0.4076833672863393,0.8989018963214865,0.5097261469280203,137.59093,2.6051366
0.3490968075410696,0.8608650083252363,1.3463395032902006,172.93724,2.0526683
0.2815680819984063,0.946671461282681,0.8550478049439441,150.92087,2.0408823
0.41246777586873895,0.691003536435584,0.8169726970666761,153.46959,1.8103899
0.36756422665618926,0.6801735592585428,0.8939598033270213,163.04367,2.230361
0.29552271801926927,0.6054719916927089,0.7143767081302682,148.05165,1.9404491
0.27803604382197533,0.9147993254843454,1.3789750774014475,147.82922,2.2947528
0.3188975955918365,0.680370219873328,0.9790929829488292,126.936,2.3239923
0.2785486668213796,0.7603337223805432,0.9378149446508727,130.90634,2.5570724
0.3949437572222546,0.7971033291927954,1.1079678979646936,117.477135,2.360018
0.35093078845778825,0.858253871621158,0.6146024886446207,163.94527,2.1292138
0.5416183015510662,0.9324128341980892,0.616791293561037,152.89105,1.9526827
0.265142650122808,0.9481419477611154,0.6706450931297914,135.96513,2.5997863
0.5335548212736266,0.793003679015395,1.492808005438264,139.87926,2.3759263
0.5038588047703132,0.6350876953786969,0.8659823549407211,153.60555,2.1868525
0.4714456900268904,0.8714657049493921,0.6458360174400819,163.3938,2.119952
0.47168543321225453,0.7016092195611535,1.4698875748866427,150.70067,2.1862106
0.43435112853888724,0.8541320832058568,0.7014845321623919,158.11362,1.9596474
0.5332145443376684,0.6457077632722653,1.1312827278102762,113.01786,2.2508132
0.3618109692008603,0.9372294125074142,0.7473150076000448,143.27635,2.0232496
0.43494994394770303,0.7855696687812551,1.1976036599237323,136.94754,2.7872355
0.5113830971169919,0.7395008201176309,0.8529009502308204,140.16434,2.681097
0.25703310467926815,0.807647787359151,1.3061890175077664,172.14401,2.065075
0.2913732157890757,0.857966216375085,1.113115054890836,121.46577,2.0994685
0.37815741503341155,0.7894707222731778,0.8279732384019858,137.13988,2.1037505
0.5396586213044976,0.8971183717141591,1.0621642709541468,159.41077,2.0166912
0.3870763233292777,0.8003936480046381,0.6846110151462668,117.73195,2.5143266
0.37252750029803905,0.8789731022462643,0.5264841260681451,174.13818,1.5959578
0.39461911919775816,0.6732459494445017,1.4241460083487731,121.72269,2.8265069
0.40275380421369944,0.5981712253165474,0.7157099604710158,149.38689,2.0615516
0.5463020243280057,0.5762722511170981,0.7717045048910879,137.71173,2.3120205
0.30890469248967656,0.888056411129815,0.9730610236009585,111.70646,2.6359515
0.40707155394889794,0.8766612672587322,1.2064893016484803,151.24182,2.1881227
0.3884803340345553,0.7580748493654451,0.5968986752913491,138.576,2.418837
0.34125692646017525,0.7422010058218509,0.5016518091801084,127.17497,2.069366
0.2890363126241894,0.6651291252784974,0.9269705975333282,141.07472,2.1426265
0.49449761584113516,0.6349300737818708,0.6651974005462952,157.45389,2.5042787
0.25421507829665885,0.6702299455207192,1.2870899965464195,133.26706,2.6336906
0.4769035022844584,0.7883920267309712,0.626376437688543,156.40813,1.8442986
0.40090965725580546,0.7773174050826417,1.2891120741257498,148.24771,1.6577998
0.29677131517064675,0.9268368557682491,0.7541496828805019,145.33064,2.023206
0.38310817139316533,0.7895680442677988,0.5881370403474214,165.66153,2.3462596
0.2884992053222134,0.6258324711345092,1.0530600072511853,166.693,1.8296444
0.5162035249601011,0.7485892398366201,0.6563632215927723,158.37804,2.2414153
0.35711554108555454,0.5693235014153043,1.1058709752812916,133.529,3.048081
0.36311229509102466,0.7043473187838454,0.976793653578567,149.00276,2.3347316
0.521676497879364,0.6921811747489881,0.5581883889170929,138.15862,2.3277478
0.41598350944973994,0.9104314925830874,0.5712142246989927,157.79941,2.3646016
0.5429896137667867,0.7979016519401931,0.8082508390048617,131.0389,2.201707
0.4280087498103991,0.772636717040941,1.4011509563967497,136.45978,1.9307101
0.2521144070176046,0.6456328519637934,0.7349760362011105,119.145256,2.2096493
0.3968675963178228,0.8665263544176001,1.3547205308621453,120.98323,2.2807906
0.4653756395464752,0.6260945339783677,1.0548974581062542,139.10376,2.0194004
0.5176621449824448,0.8027733586249666,1.0931339095126766,144.02591,2.072546
0.42530780325344875,0.8443610309566169,1.3752314613651349,134.2842,2.869554
0.46998252914016486,0.8691057544320367,1.202784283814974,146.93631,2.4771607
0.439608686708051,0.7697175928044484,0.7878865078010991,139.05537,2.2824154
0.30113814234951286,0.6902253635964728,0.8475498851602405,144.17326,2.0793927
0.34141575997901974,0.7611579266791868,1.166622234982309,130.2332,1.965909
0.3432951692059192,0.6558700408947129,0.6424372502622263,151.18979,1.992565
0.5371226850701769,0.8095697853062822,1.174863875169907,106.12029,3.0778916
0.5008220958723953,0.6950206788980883,1.2648022202064175,123.62475,2.3964534
0.3736028453862978,0.7511866907056536,0.9540753343065621,154.02632,2.0088706
0.3568995887437688,0.5989906138352282,1.4608905312836273,124.681175,2.0631638
0.28389198679182437,0.7649298624147323,0.7197462136959483,143.98514,2.289533
0.3097943727200447,0.7329191434334847,0.927077447903065,153.6714,1.9021022
0.32996740479945685,0.6505849692231835,1.3330409645682813,108.295944,2.7392948
0.316301580392483,0.8118670625137212,0.7149137378837335,140.87952,1.9641542
0.42330642938939345,0.8949912496018253,0.5373022615716183,118.962494,3.043023
0.31985799479884236,0.9289880846903378,0.7992317934573301,155.86002,2.2022393
0.4517958322061094,0.8169074194792758,0.9406714099826814,149.70284,2.3663213
0.2752714214207229,0.8114322582840807,0.6040178962551624,122.48432,2.1666563
0.3826237509318464,0.7635538205948005,0.7157824133066735,138.13567,2.9176116
0.3696102635723157,0.7269165233025999,1.4784046244170765,141.23682,1.6906955
0.37469433791622775,0.9140204094962684,1.3666733506840731,143.52354,2.2379727
0.5236206733571391,0.7154841741729847,1.1550892709836078,132.62024,2.335244
0.4885989764152438,0.8714474685979873,1.3957993480083664,134.87837,2.8073869
0.3610660239099122,0.9092268587440957,0.8345266646709809,148.06427,2.4813066
0.44160024253140095,0.7203905085572844,1.1828418451993152,143.8663,2.3512208
0.29784370622427747,0.9449102515354424,0.5234232322835818,132.94235,1.9568574
0.45487575451638335,0.9190596618451998,1.2298013341998901,126.03347,2.6823182
0.4601790425241474,0.5684092253162499,1.3546986497642672,127.40188,2.7115302
0.2653148042188851,0.8556475168887436,0.7001351537472335,170.68916,2.2721834
0.4984251138764274,0.6271769007590772,0.6345559446242381,140.50638,1.9156771
0.44239940498944175,0.6484213566013662,1.2849576977160533,133.37146,2.6316662
0.548007934199427,0.8310534973270798,1.1676834193906416,137.47623,2.2674448
0.30858804563156417,0.5821366169426156,0.9796718318562779,131.9262,2.2363155
0.4795862369088343,0.6844691277486696,1.3960354412191738,148.40279,1.9991572
0.33459267106156737,0.8277912870836519,0.8064998098888178,124.560165,2.8245058
0.43289256903593165,0.6647573771003451,1.3950806844303227,152.42212,2.126254
0.4531986187101401,0.558239269008726,1.1890521285860203,115.25754,2.3426607
0.5441974262178467,0.9140560629477541,1.1497483812509195,163.51111,1.6792666
0.3658893365541519,0.9088806978051248,1.1846266527996314,110.46269,2.8453133
0.48439307037180596,0.7119384243048543,1.1455254960207357,157.72412,2.4180908
0.38332095612276584,0.7861040322482928,0.5853455987318538,157.54228,2.1473434
0.291803409750078,0.5599639038915902,1.0331325798774005,163.99152,1.5972891
0.3414605301743636,0.9462768574379061,0.6284951199743785,144.89885,2.5278928
0.5237057859595244,0.7361259363510317,1.1540815594990756,131.08809,2.6126227
0.36579455876902556,0.559742457109403,1.0909919478114163,108.2729,2.7044265
0.3331042587201085,0.912316275538646,1.0661604864205536,122.88091,2.9526584
0.2860112328941073,0.7531528418847193,1.299753340204143,127.55954,2.6796064
0.28739922522649164,0.6925207160398975,1.2763720437286081,108.66167,2.9105155
0.2685843016333211,0.742994435917073,0.582393602377304,170.71072,1.8741101
0.43752399340132786,0.8556720241114664,1.3271195869790995,121.3797,3.0499203
0.30893286307932716,0.6923248590552478,0.8005812251233029,130.7538,2.7846286
0.4124061803494605,0.8627180155931139,1.129188711838535,121.17181,2.6406467
0.2542774907177914,0.5928553614524263,1.4042568373235373,122.61795,2.3831291
0.27362983658802437,0.7975753360827486,0.6795968314667337,115.04681,2.3305695
0.3610807543120912,0.59803435484352,1.2564226689695617,146.15202,1.9506694
0.47091786957477194,0.6202415862686295,1.1804458228306451,139.85,1.9808135
0.499354563826176,0.707218126877588,0.6506324083253751,106.57739,2.7579904
0.51933520187739,0.9074765655177911,0.8978804918586132,125.16211,3.00306
0.4997625862146543,0.7205733868340675,1.492504157546422,120.12128,2.464098
0.26492162965632055,0.6811523683119135,1.3698567147115757,161.5066,2.5046494
0.4382945865154452,0.6962551171032668,1.2652140981943094,117.783676,2.145018
0.5222282145903892,0.8468289067761444,0.9203411742603973,138.08249,2.4801285
0.273011277556271,0.6904559277709019,0.7155499127041957,135.4613,2.5627944
0.3429343114694362,0.7095709885806638,0.9638034626913373,151.45569,1.867022
0.38892800945609746,0.7631374280143535,1.2036857597516846,147.38158,1.6062813
0.44369598102528784,0.6037438431618075,0.5134399791978899,172.20961,1.7824754
0.3440214394778145,0.7341675074902312,1.449318698400579,135.36313,2.8856058
0.43460956774458226,0.6085730097955226,1.4363585177536944,149.7398,1.974955
0.46103496343818035,0.5573298424265197,0.8677866715598258,106.860275,3.1402075
0.39287782863952136,0.5547654612512019,0.7466828409588541,154.90051,2.1244788
0.30642017038089303,0.8633399122293333,1.3512415258008619,130.54564,2.086684
0.47480712692532645,0.8564329683042031,1.379006494391803,134.09404,1.9547238
0.2594741247162905,0.6707461215243433,1.2939926166908906,161.83545,2.0227942
0.33955756200003995,0.740854961119032,1.3887773240640078,164.40158,2.4086807
0.5383129322733262,0.8435134778775502,0.7510230707654468,126.892,2.235433
0.5065202508458396,0.6032137998884095,0.5576899014303781,108.38071,3.0930655
0.27558262404529327,0.7879384614993629,0.8332411032008934,130.4542,2.815411
0.4227411927345447,0.806631906446267,0.7005501523358011,156.61201,2.0775497
0.3948678984120031,0.7876442644626623,0.7598210431981702,152.70885,2.0977857
0.47159104011836295,0.8227206240910415,0.9394193786861429,156.70882,2.3333192
0.3557082264844449,0.5717565688407201,1.0128319267899877,167.12589,1.8631439
0.2790077355996657,0.5872085297656322,0.7846956587522781,136.83653,2.8290193
0.31852728857937324,0.7296788674186059,0.8414271815098343,148.09717,2.8304672
0.255054416988229,0.8865776746437211,1.1258786185223184,174.86905,2.0115278
0.4360057998998179,0.6173440350618151,1.0257755278371452,163.04755,1.601921
0.4799570700225139,0.6682809326998959,1.3413719836403444,131.29512,2.4319124
0.2650814319868407,0.9067318807169469,0.6837586884112283,127.83667,2.2388394
0.3636786175467164,0.6480283158149008,0.9851095592285884,163.81615,2.1416454
0.4522261837235192,0.7780731652786704,0.9080046680647484,138.76208,2.9049408
0.30332378026202245,0.7642562460732536,0.6706068263369147,144.3538,2.3224645
0.34430404384587693,0.8798842677924117,0.9615481293560381,115.27762,3.039845
0.38293146734471045,0.6624143460321023,0.8535805585410516,145.90245,2.6661327
0.3305985117842871,0.820096788479102,1.3707658474083115,118.428566,2.8697588
0.2501738412465257,0.8079568390202948,1.2999110270308125,126.20044,2.3006647
0.30894149507576657,0.8925227715400561,0.5138663033394908,164.25455,2.0143924
0.3063875196803947,0.851095063811396,1.1916177712629712,107.747574,2.3838942
0.2577494424047612,0.9420389801968285,0.7296571557916672,160.13464,2.1224303
0.49894684687348645,0.9064624955359191,1.070493231854032,116.80884,2.315413
0.5086438317755864,0.7440101175821231,0.8569106543670696,118.26031,2.6592543
0.36361548088959045,0.9107451481543387,0.7553922050326554,157.72647,2.1841798
0.528524055287364,0.6396544546707038,1.4845906928669947,144.2219,1.8337599
0.29118182999765463,0.6104387343325914,0.8815644203440707,164.28975,2.1167922
0.36422830150549096,0.6776584901638429,0.6211517521127073,125.03036,3.024526
0.46983021864267827,0.8828926475154955,0.5857533827651478,145.44902,1.9448946
0.4084172423219939,0.5622770693970259,0.6995304151952101,145.2745,1.8560486
0.40570609352271747,0.9045460663272429,0.8413700757827746,156.01509,2.0220914
0.3383671079775079,0.9340918298120082,0.7268721790962976,150.55534,2.3380287
0.38843104568361136,0.8594154468801123,1.3482764482354768,149.66655,2.4882596
0.4873537287394,0.8833077175363915,1.0843167063103238,174.51044,2.3417864
0.4925779518143012,0.5740432384123207,0.719165875412151,138.3637,2.2779489
0.35527903774169767,0.6418137575250401,0.8065945463208878,145.62256,2.2612698
0.4262645969769493,0.5925063890804801,0.9311624012727342,139.53671,2.1522698
0.40929392930606323,0.6630720604986863,0.6417899908894239,149.62666,2.509499
0.34587627517499714,0.8193576471588981,0.8639127007626082,127.74482,2.8632734
0.40992446978843966,0.6002287403717563,1.3887448505847528,166.80302,2.3547256
0.43898652166140917,0.6765319190312895,1.4059097847488586,164.6348,1.8835237
0.3061329515998189,0.5590430083211171,1.199046167463031,147.88234,2.4531355
0.4970986211458118,0.6670551448657939,0.9657944045550864,149.35193,2.2343347
0.39423163053300175,0.6248244756718169,0.8863139943510777,143.08235,2.1338558
0.29762188582782984,0.6421655156215759,0.773521420863189,138.83507,3.0052123
0.4444792292758907,0.678799889615276,1.228337670266704,127.26963,2.6038077
0.47908054428782776,0.6657485662926702,1.1929936143738757,135.7256,2.379792
0.4019502562631673,0.9254922470537833,1.4308461712144098,115.175186,3.1466327
0.421774236529615,0.924626122679721,1.0587645890416473,120.734276,2.7716188
0.44375751319333967,0.6678537366688351,1.2392995053975273,143.93353,1.6535009
0.3758377283397948,0.7179633568040309,0.9840413971456594,140.58844,2.08552
0.34945615640271754,0.7233183868666883,0.7235914861990727,160.65913,1.9819049
0.3611507380305476,0.8527552987047871,0.7354737430922889,124.46685,2.748697
0.5421017686775246,0.6832587072216034,0.8917812236366891,144.81732,2.309752
0.5412891179677292,0.6078996545363904,1.248163222479794,149.40924,2.3176467
0.5288759539742807,0.8910810906260435,1.1136896888227037,141.2992,1.9670472
0.3777157429137953,0.6145230623430327,0.6698466119953985,141.32503,2.3870034
0.422338130887563,0.598718275872641,0.5994830130979927,111.58635,2.5042145
0.4064345788894313,0.8155684106175392,0.7744495240896939,113.55113,2.959301
0.2891691111402871,0.8944321812543103,0.8312672515104682,156.25546,1.9696653
0.5240086153865088,0.6187913113111244,1.290049404107684,137.54094,2.1138537
0.5119615183923099,0.8405415576299841,1.032186808880068,161.27829,1.6148165
0.4126129664340136,0.7709032707593844,0.5010086816519008,146.89093,2.0209684
0.510570629697541,0.6459313119164964,0.7238265181639806,121.19881,2.489283
0.3713871809329296,0.5834452950273082,1.4312935848905317,121.7149,2.949435
0.31472425652367525,0.6816705777881733,0.6160156319588658,129.32074,2.944508
0.45565121309699685,0.6342509897089882,1.251086791442384,159.63481,1.7456335
0.36677721877867436,0.5724862827601767,1.0578492276166869,115.811806,2.9073114
0.5102911751125553,0.5778376696642653,0.7440408470994317,123.22423,2.259361
0.3926543710728968,0.9442717778776744,1.274070010392153,161.35432,1.9656246
0.51212364602206,0.6606671498020881,1.1525664207338906,152.82048,2.3302398
0.5051563818775805,0.558309211560196,0.7003566503782716,148.3085,2.4555748
0.36465121290594904,0.8350972662513947,0.6054974480119565,158.03262,1.9546075
0.274398759094159,0.7950720442829524,1.386885823655509,153.60728,2.1611614
0.5167726848608003,0.9087955565526435,0.9016142318438178,143.70659,1.8935348
0.29355262982268143,0.6549721985219594,0.650667178453677,144.75658,2.4587514
0.2859779422084264,0.8738060150049891,1.3490525942025162,145.95554,1.9872248
0.4049871454223797,0.6051181495940404,1.3517845639676462,123.62551,2.8124352
0.5485334804151775,0.9443690013155012,1.2487700201424112,131.36462,3.031365
0.2544396143951602,0.8419044983584549,0.5291749929438055,110.15024,2.2032528
0.32797007188710026,0.6044206975271454,1.0830209174723464,144.98505,2.1009254
0.5154804301073488,0.5734346103026926,0.8947862748675923,158.10136,2.1326709
0.540702533271743,0.6974935964847178,0.8323219178685393,151.96974,1.9435707
0.42280424300583036,0.6872564145053985,0.5846005560401438,128.3609,2.725099
0.4262670634568394,0.7196687399853984,0.8442659461525859,143.34525,2.0241115
0.39885910338025504,0.6349938182932844,0.914434979034329,143.21504,1.6508423
0.38190210703581684,0.7474253237603681,1.369252318653208,154.21896,2.019178
0.5194994870854733,0.9121560953592318,1.1021073417448362,163.56674,2.1883314
0.3879753898818775,0.8861950555435967,1.1677618251691158,139.49014,2.7144864
0.5253536425855274,0.761688706516602,0.8967810305553038,125.65165,2.469837
0.32525452150142686,0.6654568987909492,1.25441444918114,105.291435,2.5229387
0.34615317697241754,0.7287892522884504,0.8048808832817348,160.62653,2.3543212
0.3979570148324137,0.7295361754747192,0.5269891322611504,140.77103,2.0578403
0.49140758044867006,0.8672641187286421,0.8178859027767175,115.28365,2.7153614
0.5308900373067746,0.6892376560127355,1.2040109160871888,161.00877,2.2058573
0.4766140707738714,0.7421559487692994,0.510834296596107,143.4413,2.8685095
0.38372940275499073,0.6225517609107085,1.45092408518579,119.085724,2.6726937
0.402378495141055,0.5940069880181402,0.9718724756042938,162.4857,2.2315824
0.416782524203249,0.8693656470001363,1.0790304674225606,111.16173,2.5953987
0.4048903728055888,0.687876720509088,0.8612687800483593,109.13336,3.0614483
0.4611758957664979,0.9022497248616181,1.1827222235591872,141.36667,2.022557
0.325463302176608,0.7256038500145019,0.9627529925091255,116.41126,2.8582582
0.440708786355959,0.6894120934516964,1.3930154633155185,128.72661,2.422615
0.45486887372627444,0.7044587798601222,0.6260766210701518,172.70741,1.7695053
0.3414532529411879,0.92001668054065,0.9896675149911928,165.27823,2.293013
0.3451649776910528,0.7174789251325709,1.0991291858526964,148.32646,2.4084046
0.4536036431772426,0.6043321291511357,1.2811375463498615,164.96251,1.6155776
0.2690417839537118,0.6379365426080718,0.5869390036654034,138.31613,2.1534069
0.48505878410341546,0.5978714553448862,1.30847873812891,120.458176,2.7430146
0.4702191951762344,0.8276148183832239,1.1165974669225358,139.51239,2.1854131
0.34062887301023537,0.581198726768544,1.3487509719035145,137.95213,2.426445
0.28768810873348283,0.8141686559215189,1.493294487409353,129.88322,2.3996127
0.25554691717306816,0.6270668808100388,1.068111282937651,158.00143,2.4133341
0.29176515140955495,0.7046181388232244,1.0532834086819243,115.73124,2.6603544
0.38978318004362617,0.9373153771958717,0.5538256134666196,133.27249,2.4929764
0.31438012964175166,0.5595216431759141,0.7197795840333052,106.92505,2.7894557
0.3631131587241667,0.8168895430631355,1.227598736229207,129.77415,2.7470162
0.524653786162321,0.562682414727986,0.885754255837072,120.09345,2.87738
0.338705422766789,0.9025805787950536,1.2498846339247418,151.58629,2.1018488
0.5338327527105147,0.7246144049302883,0.7176754025249701,172.67293,1.8650988
0.46523471432900243,0.8787202049843303,0.6861222920575685,105.74379,2.5622914
0.25561208159078697,0.5757150542523285,1.1881654618091713,168.82964,1.7641813
0.325902160861326,0.8734776633845045,1.147808307658251,125.71964,2.4754958
0.48902759048891153,0.8365867918005722,0.7654189846604216,146.37065,2.264931
0.25605349934346755,0.945187157812155,0.93049159204152,141.14233,2.8581092
0.3647127107800985,0.9457472168472633,0.7093900966295738,117.42831,2.8233168
0.3989701227121955,0.7490738222675764,1.0592599810270633,145.62468,2.3674517
0.4785162626972237,0.9393756237757716,0.9196814536668292,147.87228,2.2812212
0.3323625157330116,0.9180414105792059,0.845259851740545,145.57011,1.9775059
0.5071820299011136,0.8729980871533068,1.0008136208340939,152.0183,2.0599737
0.47594249893295737,0.9018516686926159,1.3090870654539493,158.31044,2.0184283
0.4349120468229663,0.6193032581684377,0.9382073336462495,119.05613,2.839786
0.33074699494381576,0.8824545341036989,0.5166724465962242,160.78036,1.9179159
0.5218045259007447,0.5858366124251653,0.6449335011741681,142.76715,1.9364737
0.27490666799228364,0.6574470448815631,1.4838061168602872,131.17935,2.6763096
0.4437471020966822,0.9477609934177589,1.2480936889709495,140.11803,2.1110032
0.5242715072103774,0.6062379339365831,1.3824181650052734,161.25116,2.0242734
0.5034970646425647,0.8607263891967913,1.414017201956661,121.29373,2.559052
0.5061743468854778,0.8170332751997642,0.6116372413829378,163.05466,2.1313226
0.26277360638736613,0.701529412722938,0.7682765601196014,134.21524,2.4168649
0.4050234982706227,0.8332757365234091,0.7711481894236214,170.60303,2.0055552
0.28445969568523677,0.924705170912794,0.5083289368685754,117.707184,2.4317675
0.31812745088735345,0.7140673124030561,1.0277561481575992,119.52225,1.9750656
0.40226029407990815,0.5721708874176143,0.8588065631757108,153.9277,2.3378804
0.4757030019002575,0.8336275160608664,1.2715233575906195,172.71457,1.7793144
0.47475445626459023,0.926603006980686,0.6359712669559291,167.06827,1.7446396
0.5152414432431227,0.5505344472634893,1.49263486588731,121.23762,2.7853467
0.4644122226693239,0.7500148202704122,0.7488618043443342,146.83904,2.2031977
0.45344661219241256,0.8008410004323503,0.5785268503104737,123.95523,3.1444056
0.3285727574557167,0.5974678694327523,0.9561463620709332,139.12608,2.7873583
0.5165648921688709,0.6145309516448831,1.3361987779370614,150.26077,2.2847745
0.433730357293982,0.7419073050950427,0.5062217069365146,142.64932,2.2889585
0.5080341797808561,0.8435612374070633,0.5408634128390543,143.39859,2.7738898
0.3756928310307067,0.8221602254238922,1.341868502271821,118.82079,2.5326853
0.48763526722637507,0.9102298921917962,1.3206389590117298,169.09328,1.7186693
0.4396263426443701,0.7232725885371454,0.9122348010513136,126.951485,2.8621266
0.3921293484974675,0.698736835385434,0.5592375375292904,138.12166,2.5716183
0.30400366387571276,0.7110643458791956,1.4799097251856597,142.65306,1.7763253
0.46894366672084775,0.6943128846257351,1.4904520424749013,135.84538,2.5985987
0.4777865971814647,0.7671312264976871,1.003808087289249,133.59088,2.55708
0.4573818547247631,0.8475389756171477,1.2945276449610894,149.88388,1.9757018
0.31995028844500495,0.8531264231585475,1.378123409965061,121.13409,2.0320199
0.3720525632857701,0.6727968172533765,1.085760854837711,163.49048,2.1050034
0.38817322875197746,0.7835427986909158,0.982670853829485,145.2802,2.18204
0.27192837933516006,0.8279456291310823,1.0792440968685606,137.50523,2.5584753
0.2824913575060476,0.6590095203984315,0.500893174133898,137.21582,2.0800955
0.4887596544254913,0.8971863205244789,0.9870021406727301,143.99112,2.1211858
0.34132303695656924,0.8273364733461299,1.3039184699243984,130.38551,2.8380375
0.5286283121356821,0.9298212432561345,0.6944753201454278,105.25346,2.330528
0.29053846719606496,0.6638840716457128,0.5248551763182272,137.84135,2.266076
0.4752277212072792,0.650450561121558,1.135155928639458,117.165184,2.7699678
0.4297993871895006,0.895291992663189,1.1906378639587443,128.8109,2.0151107
0.5184075219879793,0.7369254982483235,1.0558623723204077,141.36176,1.9707453
0.47227831032056283,0.9494374271639184,1.2876051672404705,164.47078,2.5379117
0.4107435223788776,0.8209693763824135,1.218674292592891,156.07198,2.0530899
0.27572156903094536,0.8049609332402219,0.5960272962773204,124.595955,2.8566005
0.4112348107278794,0.6720362841035901,1.1542826179014933,125.96685,2.6424184
0.26574733276076973,0.6423400270848248,0.960884682904076,139.41434,2.4558847
0.3218778726011623,0.7510351917889204,0.7761480215138153,159.2904,2.2405562
0.33287220877148993,0.9140715852973356,0.8625991801706583,143.28667,2.2030253
0.2971235562171122,0.8206635552596531,1.1659162653899833,143.46294,2.2855937
0.48269575678183557,0.7973017375751577,1.0963845185711305,114.67517,3.0028088
0.4541201136228425,0.551015376332438,0.7878577739085038,161.37108,2.0264087
0.5231442929704815,0.8444447495562315,1.1363104513195479,136.51509,2.3821204
0.2707342309580647,0.8927287220205291,1.3431266560412314,153.62381,2.1013227
0.4383620908502488,0.7974611750920397,1.0216541445032425,156.88039,1.9628979
0.2696880935060391,0.919343441395357,1.1819093218431675,115.49591,2.6257071
0.3588201317446893,0.9227761863126763,1.1826231932844782,170.24461,1.7806292
0.46352770560617407,0.9309197488773275,1.300216899094818,134.00601,2.7908247
0.516206639257482,0.7014038459313114,0.6053829725182314,157.39523,2.2289484
0.3542008666184404,0.582624223320687,1.088203432746432,115.34282,2.8890886
0.33555632063924773,0.9108578390082434,1.003723081965541,132.7098,2.2797432
0.2749266481594316,0.8696633594341528,0.8285405857832705,142.83824,2.3581982
0.4442883941371576,0.770886585929375,1.203122822969971,160.19727,1.8400112
0.523428447774203,0.9061446467527381,1.2638788083175538,145.28574,2.512275
0.34786508470809535,0.63046384657559,1.3477188892217193,118.202446,2.7913902
0.46754311541933474,0.9266950196510337,1.280224941441791,149.48233,2.1749299
0.41108302289291776,0.938952677994026,0.6351541913188598,149.83868,2.2875066
0.37465562319569845,0.7099429479234176,0.6221635208799686,142.94077,1.7189239
0.3222371115100879,0.8676042590323666,1.1220147896822206,148.80573,2.063101
0.48264489960034185,0.8722306370179975,0.6436241190843017,130.10779,2.350022
0.2908401833351956,0.6272912960726184,0.9001975050207716,113.24433,2.72014
0.46029478726850015,0.9394845093011199,0.668103436214665,125.77246,2.6051772
0.458467607656479,0.9417737336383672,1.1590029026637785,133.57022,2.5434098
0.5439657114544618,0.7365913197266171,1.0501561117172387,124.034,2.9574265
0.30846603163368014,0.8157789108832678,1.0073813308793977,114.469345,2.32827
0.5479807785285193,0.6442082819210919,1.3317841866465052,125.538994,2.677659
0.4546444165357022,0.720189531500454,0.8635038779270766,147.64026,1.9704083
0.35671255406473434,0.5848056500290235,1.0150584336546298,144.10858,1.9168383
0.5431089038221601,0.5818842027703179,1.326567527341663,115.34083,2.188955
0.4159596086046194,0.7076393796405753,1.4495695775942488,122.89671,2.751259
0.43251627162279077,0.7580660314988344,1.0928051917844352,160.66183,1.7480547
0.3490681604389987,0.9204851675955439,0.7737314359330745,133.96205,2.358242
0.5220821144579009,0.7944883898797486,1.2156206190486465,159.4095,2.1906831
0.349734278405896,0.77002751743256,1.4198307748342156,136.42966,2.513718
0.43846370318320893,0.6706633807728254,1.2797473727871416,139.12616,2.35886
0.30171911647134964,0.731399820827628,1.3157952004938076,148.83344,2.2305984
0.3610390772023882,0.9321904376795441,1.154129907253218,148.54053,1.9900559
0.3536637364794986,0.7409710472120167,0.5205695711537899,152.2263,2.4748602
0.25005489519187074,0.9013168746548861,1.2715451281912524,136.48978,2.3258388
0.366198764548894,0.7525918694791403,0.8351853618187874,170.28212,1.8356701
0.33535703901860014,0.6930680441904132,1.251873869156807,171.87077,2.019893
0.5445853633667725,0.8625469581205375,0.6291290347159636,160.96301,2.1497338
0.49707547173991773,0.9029623532240012,1.294501919643591,167.52136,1.6184523
0.3218088836455839,0.6843663746755368,1.1109267235188,160.09982,2.4813702
0.267065568150331,0.8146230809866039,1.4434368101314796,132.04889,2.8312972
0.41717185452182715,0.5846329139297053,0.8948987168290998,137.80664,2.553844
0.43168571042632653,0.5699469136228483,0.7336468289864877,170.55598,2.114904
0.3501960953817965,0.6248113510510258,0.8599387949350109,128.86469,2.8530805
0.3999214576925878,0.8910026330437623,0.8830697934940144,140.33092,2.5529232
0.43509010376619794,0.5683042931990608,1.477920152757806,166.87796,2.0161028
0.30942101722101306,0.7801085508534712,0.7427710813458848,119.430336,2.3381479
0.36003707204154606,0.6090411910219746,0.5058111420329986,148.3694,2.1148155
0.41130630644965427,0.7642813814455117,0.9872372942644239,163.19347,1.8819888
0.531761125037902,0.7514339017666791,1.1414176182360996,142.28552,2.106006
0.38051370137026086,0.6362925391570874,0.900756499499842,151.2979,2.1645103
0.433617959642417,0.676732005647099,0.9423992457706339,146.98296,2.0731
0.2849621793071077,0.732715047970196,0.8684672582801746,123.90875,2.7508469
0.46390171158039584,0.6358301190684121,1.30955398701649,137.87029,2.3058813
0.5231650580394083,0.8546523832055126,1.1852827962517174,150.80309,1.9219192
0.44786771329644737,0.6737421653339054,0.5855160397089841,152.43105,2.3901474
0.37225969919677016,0.9262196627297862,0.550760698487932,129.37273,1.907714
0.5058254875004048,0.9185069606321801,1.2848364415928766,144.94658,2.6179233
0.33890831927305554,0.9470317260870121,0.8082238200956108,124.34769,2.5168304
0.3196302949465183,0.6569705314542129,1.3402624849218387,164.66702,2.2183864
0.3304941688459506,0.8829461114335613,1.0101455688164074,134.13274,2.2869458
0.5310598838358985,0.7213437128101322,0.8917585900521421,110.90421,3.1493006
0.5375156338478965,0.9054483733328194,1.1827213470197906,114.97149,2.959909
0.30674676212871926,0.8675117228727733,1.3266830628283688,125.72669,2.4941804
0.4080240108462374,0.6021140806172817,0.6194933127837389,142.36006,2.2706323
0.2834124943141185,0.9379057109332175,0.6816633213683474,126.1797,2.4412675
0.3128173208534431,0.6379835059442711,0.8538542655917881,144.38689,2.1974404
0.274793055628623,0.7405199393832487,0.565160100325701,123.87177,2.7448025
0.34637400951349406,0.9276622990341071,0.5038241965639172,145.37498,1.8114853
0.29843983655493167,0.9047597993988903,0.8991907298682815,110.56501,2.5765023
0.40201880454317007,0.6260521364422854,0.8057831774150642,161.10745,2.2756026
0.2774045373984169,0.8399349644549945,0.916063231251519,138.31528,1.9810846
0.29982134004280836,0.5857024413829548,1.0861776098053229,147.65263,2.4190826
0.25235231886223597,0.8408113474634265,1.2544355078197897,147.22197,1.8486648
0.5435806045827118,0.8144921189068198,1.0189408611065645,136.9042,2.664278
0.3601002304681273,0.7436824241525369,0.5135130879590962,125.99887,2.502351
0.4267461441845437,0.8381862340441077,0.5474889808885051,155.6856,2.309524
0.33451869893134234,0.7220094006325994,1.3593023549674155,132.13696,2.9093351
0.517800065779435,0.6025637105159597,1.4333145132161822,122.10896,2.458812
0.421674429463205,0.708343017360125,0.7504289635553794,139.34303,2.6280842
0.3932024738588993,0.9374158584234062,1.2307803790764087,144.83383,2.0123
0.28024423237955765,0.5879899581870004,1.2049584887815814,156.87242,2.0319848
0.5093301591664164,0.6952954812956701,0.9655815539219266,159.92719,2.3947144
0.35290072494267566,0.6081202985292242,0.9001509048832621,151.34932,1.7020134
0.27097102175572907,0.5861949384876572,1.3868440926654784,163.01865,2.3652585
0.3532357113395529,0.6772809352166094,0.8269688625411095,164.40326,1.756607
0.4101903038818244,0.761921392984932,0.921590430427678,146.92303,2.3382015
0.4690497759069825,0.6188688864119181,0.7253573654410751,125.53701,2.8517778
0.506206150538322,0.5673307837893928,1.1097029075436882,136.54279,2.1600409
0.3441767507980621,0.7892290290746176,1.0124860913913636,148.78566,1.992967
0.5463273745897557,0.5789599307157965,0.5358628399870482,130.14067,2.5716665
0.4428898889758811,0.7360672461379151,0.8748800659669523,121.4117,2.2750373
0.31377662880496104,0.9188714670628582,0.542837799723974,140.93866,2.0736728
0.4839006020846103,0.5681408194379708,0.9457437277613427,154.40924,1.7414418
0.4008771566432371,0.9479926769627784,0.9768349199120261,108.99237,3.0072339
0.46519460685673847,0.5558822089237139,1.1399380099356042,140.36995,2.741397
0.3472450668038446,0.8730158830486251,0.9327108125761695,116.96414,2.4767318
0.46159772895319356,0.6344596006372042,0.6066884032597162,162.31561,2.1428406
0.4410912867378104,0.7747657517891471,0.8026055771689813,105.95932,2.8347278
0.3014122439985102,0.7315323542115273,1.1730125299910819,110.89214,2.5903141
0.27996659629762005,0.9036030903320342,1.3483606137387576,156.09557,2.5024056
0.3673447855541282,0.8476650276760984,0.6940295203578839,135.52043,2.2307236
0.4332032096502706,0.6604922228745458,1.045630701578559,162.62236,2.0834262
0.5163375255093055,0.822684749263676,0.8913142510299866,110.32937,2.836165
0.293611609618273,0.925680927866542,1.0583049017072816,139.23921,2.100029
0.5443493033136108,0.6927602466399371,0.5274637679742793,126.264,3.0289402
0.5038612816631312,0.8686183415873354,1.3233108952148873,120.21602,2.7907922
0.4031523845511604,0.5669803105483074,1.1895179151014688,132.988,3.1498182
0.2961169907007367,0.7219799321207012,1.1336486845760931,152.35039,1.870126
0.5382528258442103,0.5692158081250294,0.8431204349084457,157.13765,2.1636531
0.3917502283331011,0.5783327186549357,1.3978611096393876,163.83891,2.367714
0.5315209054573251,0.9183626155746403,1.3001423397276834,141.63196,1.8903514
0.4182486772004188,0.7696439893921452,1.049750244224855,147.24637,1.611912
0.29778828662814755,0.8023588848880259,0.7550182686530761,115.15354,1.9539282
0.270888291611218,0.5986392970008292,1.258679145000961,141.89815,2.2159522
0.4062045612977907,0.7718442843548969,0.5350295930816206,152.64714,1.8713348
0.442068663317539,0.9099991848040042,0.8938383061273212,120.616325,2.3695612
0.5313987882026792,0.594455936697837,0.9717879980900893,145.51218,2.0529444
0.5052482679352599,0.8450197041371568,1.0911536844902279,135.77972,2.3832407
0.3713573900012174,0.6223583075612015,0.5752532643873729,167.48969,1.625327
0.3637374813786158,0.8347190607093975,1.3937587496592254,117.77563,1.9797122
0.4791540432427248,0.8891166077716224,0.5581485863552434,151.4921,2.2706833
0.37738687769492785,0.9133213248610954,0.9806775572717242,145.49245,2.8976312
0.3278783086492297,0.6795806712321802,0.5720601153417365,162.82248,2.295885
0.385577923542823,0.6931698642292089,0.5097558649798644,145.51988,2.158634
0.41332449100953783,0.7265153979256652,0.7017336847343837,148.062,2.7891667
0.29289415592886503,0.9250528437719291,0.979565473400755,122.21766,1.9396358
0.31974831313330976,0.6206317522862297,1.1970978473623115,123.0193,2.7953994
0.292495452755222,0.9309055228348913,0.8507994141708309,152.72699,2.411527
0.45970780831571845,0.7021715925475527,0.7602697037757186,148.23163,2.389146
0.42367331615255066,0.8261925716917425,1.4000845396839736,107.06218,2.3127854
0.4687068186655514,0.9089410134521028,1.4738212148146745,143.87935,2.6098561
0.4595182486326059,0.7885750549916737,0.7392904885253162,166.87239,1.607848
0.46962046049188744,0.6634792974047686,1.0586898441777128,159.31038,2.54173
0.40427312811061245,0.7083757276466875,0.8403513493943527,160.85048,1.9904736
0.5083783648305189,0.7387283946557971,0.7063313990082787,163.72978,2.0057151
0.3078409133668198,0.7336435054976337,1.3489261074486456,143.13629,2.7205539
0.3468547965341231,0.6337924333859041,1.3332130223310203,138.06444,2.2399778
0.4175320449561064,0.8417285586548251,1.0855451094372786,130.70142,2.0892525
0.48777296869630915,0.7295281207719218,0.9190001437710517,144.64087,2.1276722
0.5340836800905636,0.7840029991091664,1.1182858572354544,164.47047,2.1300485
0.33699415467889005,0.8725625458818203,1.2223010541640078,127.957664,2.4689236
0.4232294000175894,0.8315923377163752,0.7185086941529779,140.35817,2.2784646
0.44869949943829035,0.5534910909226819,0.744701601138271,116.2507,2.1617222
0.31296383527379384,0.8017800589747734,1.2107729209801152,122.97635,2.57318
0.2586013785904745,0.5738558241312661,0.8313383757890916,118.48554,2.1368637
0.5311321498105458,0.5905170628445144,0.8473516241051913,140.89476,1.8684622
0.35715440219748046,0.6758430598256768,1.345417453974051,145.51033,2.7660987
0.3688704328924486,0.8912398701954285,0.8881119452044066,153.50447,2.1412702
0.27536152451650137,0.8697137014176666,1.2704550590454295,127.42926,2.889647
0.3550213119291479,0.5943227232225603,1.07386535629169,150.919,2.1165304
0.5122092924617847,0.561309521413449,0.6137881980240892,134.85681,3.0251496
0.4996125317382307,0.5811210254246126,0.7584675291315762,144.1466,2.3605485
0.28678158323983727,0.8328878937228459,1.0855432359390815,148.52315,2.379791
0.5263540781061355,0.7638579075259694,0.9144654528701568,171.2785,1.7177862
0.4867882656742142,0.7593717488382833,0.7236206376135467,120.41646,2.7561233
0.30477612827231104,0.6616839346581319,1.1458581722597048,144.49759,2.0010386
0.46202652117055604,0.8108659671066935,0.9470293546921912,139.75552,1.9293303
0.39216024869561333,0.7561231236288798,1.368762059048506,145.26704,2.2545776
0.2735371461458959,0.5934936736238884,1.3447764059404066,147.55183,2.3979113
0.4476402909177982,0.6679726267551697,1.402449080121437,128.992,2.348515
0.271746779612075,0.6120532931494079,0.615590586402859,135.43039,2.0554535
0.501091042164055,0.5723533667193441,0.8330929430759942,148.47653,2.1917374
0.33435754370603665,0.5639277669618301,0.8676864196003501,167.38795,2.0314918
0.4611034045732201,0.6093709024335646,0.7958376909699731,162.56822,2.0358114
0.334652906820075,0.61392187682734,0.9069450297936924,146.79478,2.3326268
0.25499955485056125,0.8019220202914459,0.8442908081063117,152.21753,1.9212134
0.25270876308807383,0.9374709258240295,0.9131614061122961,115.439026,2.5682058
0.4497871089283843,0.7534903736430859,0.7610335093193366,141.26767,2.3086216
0.5306109210310676,0.858357009265243,0.9279320601045087,121.33948,2.079146
0.4046173669958471,0.5752403335626306,1.3195218773853261,127.72198,2.323793
0.3636345844082538,0.5509760990028435,1.1136110661845213,135.66263,2.4369166
0.3140457296227226,0.6936820837823333,0.7221485723619216,154.73781,2.0094535
0.3898607661975536,0.8524292876655353,0.5708423990114209,158.71394,2.32242
0.3065912868740841,0.7677704759258819,0.8483669227075158,143.87314,1.9392147
0.5059198321736327,0.6174937844829785,0.8875142295459639,167.68001,1.9662069
0.4824084585249651,0.855863070311969,0.6558192935522941,151.37056,1.5874891
0.4505228016773869,0.7527758181115495,0.715021705045536,143.94318,2.1988308
0.4853079147525615,0.8819708366118298,1.2957912137402137,118.03899,2.6668987
0.2625565093831248,0.7179092551343349,0.6657708945695393,117.500244,2.1139324
0.542585241798022,0.6819442482664986,1.4270248730550508,117.759285,2.350135
0.3324784006209249,0.8853569317816142,1.4227018651597199,139.94742,2.8147995
0.43145185943912,0.877023821513438,0.6772542993765529,152.15222,2.2255738
0.5086014386134005,0.5788844890376407,1.1300621528239363,151.05742,2.0139747
0.47254807434708745,0.5612070831490221,0.8115632796574177,107.00344,2.6224284
0.4940945580497215,0.7054942455183907,0.8833256626850224,140.95631,2.3763094
0.33192391314460695,0.6955352290799786,1.3376794047470375,140.87852,2.1800487
0.31319970647989503,0.9231626791970408,0.9177766054221488,154.58427,2.283652
0.2546523444655941,0.7774971196467525,1.348587541550169,154.0865,2.4686012
0.3957727118153136,0.8804457039349196,0.7596428047801914,166.03656,1.6911654
0.5091493559698906,0.5920948808875655,0.9847169151940284,144.14244,2.217017
0.4571242740433324,0.9225192503304598,0.5227150891862363,145.56882,2.2505066
0.36362901706937234,0.8682418948208643,1.30650522848542,161.49736,2.389662
0.4096950751382289,0.7326776664451955,0.5466114050278192,123.275375,1.9670713
0.26346961557878856,0.8969729573463879,0.7089192479887573,140.76767,2.1102338
0.3908022313608093,0.9498281156242131,1.154373491921979,118.29277,2.6808028
0.42271089225891867,0.8739266578611842,0.5340798677626118,127.38304,2.3576725
0.4578608508060775,0.7718805183719083,1.364261822513206,119.63952,2.4448872
0.5301834767060345,0.9489397330312673,0.5085347169313653,151.44507,2.5317163
0.2725795522668493,0.7170378965221186,1.1685791751431245,151.81357,2.2962503
0.41656440959841406,0.7906948773969926,0.7576420507116362,149.89648,2.0672705
0.3359551096174888,0.7257328846368996,0.7138911418532525,121.7208,2.200648
0.3771604931247423,0.9043925112100815,0.8144933248336429,112.12346,2.663656
0.4119944098738794,0.9020654984095773,0.530778866223992,117.09585,2.2620869
0.4646772606699803,0.7976786038664403,1.4483470126292737,114.91382,2.4300668
0.28030234272086346,0.8097765779087113,1.1556866260176917,158.73427,2.1871462
0.5478307587743984,0.8673158681553499,1.0371109166904988,153.7329,2.103937
0.36408085856959893,0.7929037699280054,1.0453867051581938,174.33199,1.9367813
0.4304594696791473,0.9453924574284126,1.4737138134277117,163.5789,2.2021585
0.548553360460448,0.60336555925663,0.6407808486439442,137.22777,2.1271195
0.31498988517699456,0.8545327882533451,1.016483411023538,129.18391,2.23548
0.47422298544631153,0.6966826438736232,1.3814298266111784,146.33284,2.4204915
0.5021237413528261,0.5672369004403817,0.7793147551186644,123.93992,2.1380324
0.44864098159935617,0.5690993175995658,0.6942552983593508,134.00925,2.4009166
0.28210197820255745,0.5626948975058862,1.1042457326590536,138.81851,2.5409732
0.5201655581085984,0.7371322782094412,0.7945309273206359,108.25936,2.3564909
0.5012337239954183,0.8401095517276154,1.1246065632605062,158.15579,1.9188073
0.3953092587096292,0.8430931917300617,1.0270801542602028,121.558395,2.5796309
0.4077876146964924,0.8169736158590983,0.6248025052595969,125.53638,1.9028422
0.45748717753177665,0.9032633528714629,1.0420226432902648,138.55745,2.8641772
0.35068245237402323,0.6203729101557757,0.8978620149069699,153.06323,2.5431497
0.5439956704181105,0.9039897581853222,1.1957404472400497,143.80026,2.8155382
0.480721526901848,0.5764686499945608,0.7055079298111792,141.53116,2.7814324
0.4965897610978116,0.6409870679330237,1.310099575722658,134.22586,2.281747
0.4342889140551027,0.817372372972103,1.347803233592499,120.34917,2.1476607
0.370566065825949,0.834499692542993,0.6085675115429272,162.99821,2.0600345
0.3222373928880612,0.8440020100572903,0.7551356218519533,158.6495,1.8857934
0.26465223941271837,0.6339813587686319,0.8676570927581092,140.6313,2.8248537
0.3057693194502818,0.5792582298828959,0.6310564818783475,116.37622,2.9513993
0.37107504290137744,0.9400818549267717,0.9133443392212313,144.74094,2.284706
0.48687838432847,0.6171699052439708,1.0886304192199807,126.72011,2.3664684
0.49837874076116545,0.5715155232809661,1.298193557067277,153.20895,1.7173926
0.40738846933158146,0.5702242139642404,1.3560467155080533,118.28267,2.557393
0.503282680282898,0.6610850001942127,0.727421968415408,121.71946,2.7683768
0.35045445800441194,0.6744814069646582,1.0182022214439892,172.28694,1.748444
0.3541993376211519,0.5585685261869251,1.1298413812308983,170.37404,2.1300247
0.4123843934215366,0.6804608600251042,0.9533120776178119,122.05081,2.896049
0.2820735282512851,0.7255575749905381,1.2040747845355662,138.5073,1.9293852
0.4580905589516353,0.9195790856394805,1.280084018537444,148.89542,2.0047348
0.5280078402829576,0.7824413512482425,0.5943340876291592,129.88779,2.9131567
0.335736312610498,0.7669274347378154,0.6199061789684402,160.64757,2.3692758
0.49269922607323335,0.5750015605722651,0.634482355529607,139.04015,1.8871315
0.37260962359316724,0.8004882153039259,0.7047408885013853,123.827675,2.578598
0.32715226730995206,0.7410012973660511,1.3733937413369537,138.8725,2.8369467
0.33361478509454956,0.881547360954019,0.86464319178248,117.68321,2.7491977
0.30540449651981616,0.8938271418281729,1.2649798406416937,128.8794,2.3711908
0.5080166031391667,0.6135561617338121,1.0331869513364742,174.41779,1.71118
0.5238137213422324,0.8518108450934379,0.6298462001002472,161.88663,2.1692965
0.5010771094295451,0.6153363967791856,1.1482154330769316,172.57364,1.9829195
0.3723004240468863,0.6630013433222753,1.3927819858359776,144.03271,1.5855933
0.3845862636337652,0.7522765790538947,1.3919505311776628,154.51204,2.1149678
0.4146106545377934,0.5872511072077995,1.077932748015587,159.97127,2.2955773
0.4569593009111491,0.618201942134961,0.7089552941688507,106.32677,2.333085
0.2878716573151791,0.7199878968777103,1.3926910023985495,148.10165,2.421876
0.44424779902865663,0.8818322009210217,1.1309586602251414,114.58844,2.4245427
0.34634405550893343,0.6009954945998288,0.729167016583528,154.6924,2.1862357
0.3142417360122806,0.8548671094757737,0.5681736015571168,132.56421,2.8226857
0.2539352917906286,0.8504323638718922,1.2974082081993963,153.62744,1.9575368
0.4284189825535405,0.8586746198359667,0.8580095048540596,160.6464,2.0955255
0.29679131989611335,0.6312199978869117,1.484327159002047,147.92337,2.1447887
0.40884863314121334,0.6964089179143083,0.8703105553156572,135.45282,2.3474488
0.4491626950673874,0.6180357836087506,1.3694363498486366,130.1204,3.0388942
0.29131494467833957,0.8027840114623515,1.1320778343809792,148.71835,2.7405233
0.29697809063553393,0.7032070890187441,1.3090168833689115,124.083885,2.8500273
0.41538165171296215,0.8035069467469165,0.6849744961076221,138.60852,1.9045244
0.459480868131665,0.8318256344356375,0.784145096244418,152.37917,1.9923241
0.4810693666749047,0.880398047360603,1.2411099777063517,135.87395,2.8728082
0.46773297409984016,0.7376354872145063,1.3676749113652695,137.57019,2.8713982
0.4473042102862587,0.6105914687971126,0.7175910218631851,150.8783,1.8631527
0.313342291826337,0.7846675529307526,0.6917786544843891,138.08557,3.1218157
0.5065357094972665,0.8156834802467408,1.003886812217655,168.83981,1.6877238
0.2522886254420377,0.8526424860645752,0.5327892466221643,153.63774,2.4420824
0.34688639903078233,0.6347476485830965,1.0138320582545859,117.68809,2.7011735
0.5318906303702536,0.9191675147262812,1.2779174587165856,123.166016,2.7825303
0.5060500367064853,0.8153680618599952,1.3581212400505498,162.7579,1.5882165
0.4775736248419221,0.6043613706221063,1.1928691599521422,147.46368,1.8857003
0.34179593642143136,0.7003114026387351,1.190881208906597,146.84015,2.0980723
0.3580405338117457,0.9162118721905321,1.0317356473002608,127.80017,2.8172493
0.3785378378279436,0.5931158058791401,0.6677868725608155,128.33298,2.5188107
0.4194672642936159,0.9024557817428815,0.6161062164337422,119.35741,3.1104095
0.5107114897991785,0.9489082567828593,1.4887618285193063,146.98857,2.1542082
0.2630847923447962,0.6950346790217568,0.7202908523400133,134.74605,2.50143
0.33708365253442296,0.7513354298711058,1.2704442326861272,127.5962,2.925092
0.32251826914734305,0.8513510395360765,0.8195577370339571,134.29501,1.900192
0.4262406405572666,0.5711926809326,1.2775299192764056,155.20619,2.1117094
0.2736853306807098,0.9140909599628222,0.8854592925152946,110.989555,2.2336223
0.2968526459344201,0.5853160220070717,1.1327122191033414,159.74716,2.2292416
0.3024155544235553,0.7172246958979387,1.0026386804056102,152.60323,2.314425
0.48947583274504575,0.6711106052727304,1.1959267501027828,122.12712,2.4508233
0.4614904216942597,0.8308467352299977,1.1157206089835376,127.476944,2.6141725
0.5465053906522672,0.9401074088028801,1.068035380664079,146.68562,2.224437
0.44971022753871903,0.6076424980664985,1.4489185196493606,138.86305,2.1520321
0.41197126532682316,0.8261924061381023,0.8904600766278351,174.4965,2.3591247
0.42087565394813864,0.8417593788376141,0.8625070602993677,158.52089,2.3362062
0.4638893239188057,0.5872820739341827,1.1939198114350327,117.52848,2.7278452
0.2834131724886314,0.6084784970582623,1.0443988697504225,118.00102,2.803257
0.29344827887832403,0.8870515872359472,1.081989934556221,144.0401,2.5207765
0.5366165553832631,0.6565882292354321,0.8535677132578706,152.97783,2.5241218
0.46377926144095705,0.7420343771694976,0.6533476727606229,108.475876,2.816817
0.3463105184749815,0.8382434258194644,1.1210599535473929,148.50635,1.6746789
0.2596848152357097,0.7982402397807941,1.0721124241351006,115.759445,2.4226432
0.30435352154089423,0.880717417645912,0.9562368182162593,144.56827,2.2170873
0.39681872025654574,0.7459062574458613,0.6686679790803954,147.15396,1.8440559
0.4774212529024433,0.5958011195185767,1.1633868577229594,123.71013,2.3874004
0.404702935220018,0.8124213632314696,1.1718014575128946,131.77332,2.016843
0.5412348093572534,0.9175133980117949,0.6772251494787307,168.33942,1.8598638
0.34659670311893137,0.9132536883992253,0.6706432107168948,122.34603,2.305791
0.4179822158512677,0.728416782069985,1.4665865963023812,149.66013,1.9889228
0.29231702449531316,0.9264766352308422,0.5180801608078586,165.18877,1.7464653
0.3605083948962558,0.8031683415517064,0.5111549123655775,142.52168,2.2212687
0.3513469990864999,0.8080490979697399,1.428642320505081,152.12215,1.7670133
0.44135989734468745,0.5752129649935995,1.0150324417423529,115.81235,2.8863945
0.4124537873864215,0.9448944349319356,0.6481906857193823,127.42077,2.8514063
0.4777245497504259,0.7246187579953465,1.4194110538664817,168.12201,2.3109348
0.46908662886768243,0.7805553082720338,0.7193432606116351,116.78476,2.4054759
0.38360890565166045,0.7675572853458374,0.9747436159260779,154.3562,2.191653
0.49779757622038023,0.9218315664364598,1.2860243797725897,163.74457,2.233922
0.44589988865966734,0.7913494930207232,0.8806977537674536,147.40092,2.8781502
0.5145939343725803,0.5603716247153282,0.8028717758450702,144.8749,2.3761184
0.4974830291835354,0.7042192216966718,0.544176072758881,156.27818,2.3415847
0.3316919185205696,0.6979002173188111,0.8513522989402883,148.38742,1.8920668
0.2986645784472918,0.925447741923997,0.8521428513580035,106.89563,2.972434
0.404457893525631,0.9376253026056501,0.5485555543632131,154.99358,2.1119304
0.5111922553082757,0.8225381344960554,1.3497575551677217,155.23682,1.9335438
0.41943077032955456,0.9470026364893475,0.6721302192950244,107.18178,2.7819486
0.3413586395608164,0.6269343223598696,1.3395772977846767,149.14113,2.5070667
0.4746438657150662,0.8756867900494537,1.3430080023471085,148.1593,2.3635972
0.49610905433462205,0.6552616247545299,1.3325480070697258,137.4782,2.4155116
0.523362547346339,0.7800135659746262,1.4747877406737913,152.22026,1.8982552
0.4204187724562929,0.8780641055900091,1.259129211847272,169.25345,1.5960789
0.39815796084041766,0.6039270814458803,1.3528058028833412,144.16035,2.552565
0.25424540381561667,0.6009099137630894,1.240356236926203,150.54971,2.2868075
0.44123307264611966,0.9288384095925218,0.5222505269398273,126.792915,2.4201312
0.3383602882398329,0.796563510326073,1.1479082293824971,118.308784,2.2895515
0.546782083843898,0.8136564420334097,1.493034699786055,123.90701,2.552112
0.36427347810063687,0.7542394571855331,1.0020309692650622,144.61397,1.9715152
0.498196256768186,0.9444564546775239,1.3908077913477443,138.755,2.0086248
0.2548935329338516,0.864559390738468,1.340878200944599,126.671326,3.0260813
0.316416059012158,0.6525957520069373,0.6292235440681978,147.16084,2.3834748
0.31173814653901133,0.9152029033815754,1.091028567321572,128.0368,2.0554307
0.30803796755182083,0.8893745585703547,0.6523438392563397,116.12622,2.6126876
0.2983485575980662,0.6700372390297957,1.0320468207061078,158.91103,1.9779621
0.5368721789305447,0.5822886271775596,0.9205692718848385,164.38274,2.4874072
0.5017959780957729,0.5677625303997575,0.8963259439231215,119.63321,2.582842
0.41322394937073936,0.941663132903189,1.4672664377592577,125.86729,3.1004624
0.3128533913719205,0.9307531747533231,0.7870980133748924,150.47685,2.0471182
0.3084321929328089,0.5688631730342749,0.8661130653519844,149.06154,2.2145963
0.2957565888373448,0.6720553033874253,0.8810039631931486,117.62388,1.9454628
0.39367222198131274,0.5620341980421559,1.1408726702734264,151.26881,1.904737
0.5301601750961584,0.698051171023827,0.6502155108496048,105.98353,2.1855896
0.3061213420368748,0.5500274023925462,0.8841718193430056,170.20222,1.73488
0.250677989475075,0.8161895036893256,0.566564455297679,140.82146,2.0405133
0.28822244690412907,0.828310568604562,0.7737715500671867,110.791046,2.639188
0.4951347080675167,0.6024655032833098,0.9955775729594368,120.59099,2.0446122
0.29543418783915537,0.6157805641128591,0.6704274523913395,136.63252,1.8979906
0.43779441728670443,0.766610416841319,0.5718589408422551,149.63535,2.476149
0.4404573217483818,0.8920184030896572,0.6322417475093738,125.19721,2.7998164
0.4544600098942454,0.8359671183682101,1.3401819271029916,122.78724,2.144888
0.3591750612183118,0.7198283672865807,0.8572613138248611,132.0115,2.2394168
0.49209501819172596,0.6114150312157022,1.4105981496259423,124.422806,1.9807217
0.37443426236780447,0.9018612026030519,1.011202542288342,119.908104,2.081103
0.4789139641138121,0.6935079386823575,0.5899293664873091,153.77068,2.314391
0.44249414097507433,0.8393808340774805,0.7488667698781202,164.15302,2.1059465
0.3891023585332429,0.7428563665515614,0.6392827576454888,162.3708,1.9875742
0.29534495677531775,0.9205612849911737,0.9866933109699166,131.78131,2.062056
0.538245284549256,0.9278879411419915,0.7704724403119021,131.97926,2.1576276
0.4748750323631086,0.6495377352191282,1.1011213956810595,124.42407,2.281953
0.3548934882805371,0.749930494372007,1.3427842080250951,146.76082,2.1028502
0.34152493522726834,0.6692200871345687,1.0417825696820495,169.14467,1.8916024
0.4555575589384574,0.9050199814532217,1.1810250486974843,154.49706,2.514392
0.4415627368444015,0.8139877802739641,0.528359461104359,145.64383,2.2162125
0.46559158145031754,0.8410345899742888,0.6904385594241004,149.38155,2.5792599
0.46435494061642774,0.6493747883323343,1.129522699749334,124.900375,1.9499729
0.40805611610836684,0.656092978580517,0.8859865346965952,152.33217,2.180266
0.3102037863382265,0.8923066468290244,0.5166931743801962,165.33926,1.7134361
0.2796946604477899,0.8015701950346386,1.000689962811684,163.5841,1.9436454
0.4024840447789373,0.6834070710263376,0.5116518580628423,148.94965,1.599745
0.39438981366278486,0.8911814558824868,0.7535889794111305,154.96494,2.275056
0.5113715292132063,0.7702313074117362,0.88392452531938,151.58002,1.5972663
0.38947406248922156,0.8238888799431935,0.7058080814112652,156.01279,2.3912985
0.2506825786986219,0.5638043837302911,0.9935439687663292,160.76189,2.1968765
0.35229948277170464,0.6360501960322192,1.0655350303961957,135.53355,2.1811295
0.38610904008243274,0.7489627402451703,1.0818045524873368,150.12762,2.1088471
0.4950502290713388,0.6007102222828786,0.9530226296982102,116.76913,2.3692968
0.3408000243621032,0.8624570822062507,1.2870388082947493,133.06183,2.731691
0.4743866576316038,0.613776502514106,0.8988672100940056,137.17708,2.3629997
0.4764008011703619,0.67179270015875,1.18625907326871,146.23529,1.9938122
0.3194469044962639,0.8168682170780865,0.9174226122957768,133.1766,2.71918
0.25929433134484,0.6602276576589339,0.7055582136294221,128.05923,2.6208658
0.3165874623215829,0.7705160911210798,0.5207519090699452,139.10272,2.5432696
0.3774994835435517,0.7214077985192882,0.7006128283447268,156.73222,2.2464473
0.3760617611012069,0.9410729705561454,1.1005226231929022,159.88164,2.5365932
0.36853440822447964,0.9168781965321918,1.3402073729942077,143.93066,1.990065
0.46248978966828536,0.8392025733338335,1.1159007941817198,151.23878,2.5563693
0.4668266628622517,0.9339103649805731,1.4203545766266514,110.29318,2.4607162
0.44958873004350747,0.8440230086431681,1.192885834243861,150.55911,2.2453337
0.35201686273437527,0.8782450017756555,1.1490646459361955,159.66284,2.2031357
0.5114952400431826,0.6966381167635539,0.6886688082701129,142.32133,2.2026613
0.3157965538179296,0.8059792527088436,1.0352362636071915,130.09123,2.157044
0.25923273876454944,0.6944641865476509,1.2617908852163222,147.6975,2.205096
0.4334820490126424,0.8321358120514599,0.533301976009268,146.45235,2.5405278
0.5222459641502042,0.8749227622775866,1.0159969812374698,172.51666,2.0975373
0.46842431305014687,0.7732528166492537,0.7824888950970018,148.26877,2.3490503
0.2933242666650161,0.7899560020666541,0.8265992578152194,142.504,2.0702288
0.40025324108166177,0.9365964180175905,0.7457531463920911,173.82469,2.2940416
0.4786415444411776,0.6778537323459983,0.6927842721621247,142.76675,2.4131773
0.5129243005759052,0.5744407896950658,0.6245032376305251,153.71448,2.3384712
0.30571267622375853,0.8424203164799462,1.4481312039733283,155.98178,2.0642471
0.5348106621289351,0.9217092447493737,0.5987643737026052,137.54984,2.5894673
0.38896629630206037,0.8605698339075434,1.0812749216013646,156.39334,2.1616952
0.4432275464648312,0.6905733938347179,1.395683982692793,175.03726,2.0998826
0.42810547466436477,0.7230321803262235,0.5378089732358589,145.20322,2.0778613
0.3158587427274522,0.6957628591707997,0.8719661067971383,120.82985,2.8748946
0.40759732779867996,0.8787168555004451,0.8388881727703876,142.37062,2.198188
0.3466799826502138,0.5766196673992199,0.751166266146404,143.7981,2.4539351
0.3283092207767118,0.9434110198270637,1.4446450897642646,143.75244,1.9492397
0.2737674432192813,0.9474794948160802,0.5773305507414256,134.03247,3.1088028
0.3885881382241495,0.8485368474741042,0.5878049989365093,124.78745,2.4817975
0.3353882934136809,0.5814022367425113,0.5869908739734436,108.72146,2.4921076
0.3633766416023503,0.7300735099247387,1.2501978073872078,116.11813,2.7681942
0.29713434261803956,0.6463434059028453,1.369624745298022,119.138725,2.6629581
0.509694393428904,0.8173759745904622,1.4847791969495987,107.93669,2.9100235
0.27165339465883576,0.6289905371412166,1.4824279136025877,143.66417,2.136485
0.3990389733347531,0.7049899400955525,0.5669032016975888,128.1928,2.0490813
0.3963321070371324,0.9132364320982684,0.9280894745384386,119.6199,2.5610833
0.5357073269191238,0.5731139898319322,0.7224031085814291,124.11714,2.7513301
0.25305932488417626,0.8609760889286243,0.5953562908673248,138.70511,2.5657003
0.5105572628869113,0.8309590985029889,1.335783443461103,140.3337,1.975791
0.4661185936019136,0.8055816234773674,1.4106250936196014,160.20265,2.250364
0.3356538518893174,0.7394322644261421,1.1352746230799293,149.44359,2.2548523
0.5071335371287043,0.7667471218879032,1.1727980064956347,106.12661,2.771862
0.3787891469480026,0.9211163618275874,1.1164709823073034,119.07031,2.8144302
0.4892009218540751,0.6855889411738822,0.6565562806921441,107.428246,3.1202822
0.2626955905928614,0.7904130064841141,0.6367145187642514,128.84921,2.7188447
0.5443611751517891,0.5702579302787065,1.3625984840971581,119.93423,2.5232458
0.4792498104035772,0.5769179908664206,1.1865067289030922,147.1869,2.524374
0.5196046134189611,0.9194700365818935,0.5854555119556633,164.19852,2.3288805
0.35398788635002665,0.7100454233799656,0.6315354954412267,118.76667,2.7422736
0.3919551676300119,0.8704860685027072,0.5535525538842992,116.06112,2.7121668
0.5271026750545057,0.8668898114688989,0.9733847730847945,108.580055,2.887135
0.4592117711777193,0.6496743936539001,1.135749225936165,158.73409,2.297672
0.4637992420834146,0.8898762201966911,0.9997363353622907,129.35817,2.1132286
0.3595842302993184,0.8652726755489888,0.6097863775448241,144.85074,1.9472044
0.4935597643312386,0.928004505865423,0.9993393120497064,149.4755,2.203302
0.5295516536004781,0.6793235654763208,1.4319455822014944,166.73013,1.6276591
0.4021109991351556,0.9306662598780282,1.2641728716837937,158.41206,1.97585
0.3897767596719076,0.6238287396622666,1.0564229501826623,138.87083,2.784282
0.4797564325420901,0.903543712898621,1.4868332164787224,150.34912,1.9342163
0.3879241523212278,0.764097661867838,1.4938452299237772,155.74503,2.1109936
0.25753340209726044,0.633962511090536,1.3763198376790142,139.5188,2.5114079
0.4484107863799226,0.7466693281821821,1.3225204926671676,123.84067,2.4252038
0.403618984799836,0.8360532767315734,0.8969534499938854,152.1282,1.7973474
0.34595365153787166,0.5574414297744128,0.8501290335112508,116.56994,2.372895
0.3569888918456175,0.7279338548115503,0.5108817496941482,126.29469,2.3194134
0.4355363865153635,0.5862697749811594,1.3177636805920623,117.832,2.1141152
0.5334026475447471,0.7949368420398147,0.6092519384956013,136.55202,2.244744
0.5129371583529925,0.7730396805195165,0.8287206689184692,128.87994,2.1130264
0.5062315096264145,0.9146495191436177,1.4816056394595558,116.075745,2.650228
0.5304377118593144,0.569815462469923,1.0925597910584481,171.28572,2.0010407
0.2845434135083496,0.867420105126335,1.3922247705291362,122.973816,3.0300317
0.2887601631666817,0.6927338753970012,0.7914941603429143,117.60076,2.0617812
0.3150802580000427,0.729284645992306,0.5161862244937652,118.609184,3.0704248
0.4205668862915809,0.8462124012727126,0.7565209542046809,136.51445,3.1116567
0.4061355912298803,0.7966332262210326,1.223169354489992,120.05477,2.487319
0.34283010581420487,0.6497342916761785,0.7675326983665324,136.06944,2.2430804
0.44385954333784616,0.8865904353547402,0.7944009827436396,125.181244,2.2834
0.3421397533378699,0.5626100347770687,1.1937982892549588,119.76582,1.9319142
0.4728355263985661,0.7669016742770856,1.36896348942529,135.23923,1.8454354
0.5318421784147158,0.9459969956965323,0.9670474420577798,143.95174,2.8524497
0.37050690986481993,0.916352957917814,0.9411118282838845,160.57178,1.9428786
0.29893458155377356,0.9083190652169563,0.5143961919279932,161.65634,1.9447076
0.41757128719906433,0.6301832768067233,1.3408884615286427,120.59797,2.2847226
0.42385990204138757,0.7929529328567511,0.5872630751294469,149.29655,1.9578588
0.4644817661146884,0.8262386521298299,1.3435062547428476,156.97414,2.4328506
0.47288076154634795,0.7305303956611217,0.9248189609280133,130.95186,2.5025394
0.514836627015751,0.600773830788452,0.5973337791667873,150.59747,2.5168998
0.3809678943242203,0.6171204676637536,0.523347299472074,137.05019,2.1240568
0.3723242032897023,0.8824266234241349,1.4751795736538413,137.80891,2.3438888
0.25738524170151544,0.9352623901723058,1.1562998468246857,147.68987,1.5896646
0.31280542197044653,0.8884125673403032,0.9083622632554734,160.1105,2.0368602
0.2926166302631992,0.7073731851401805,0.8826333994678652,145.16592,2.2262642
0.27346550491764227,0.6844622705642707,0.7115936020953082,141.87909,2.5787373
0.2837470899427216,0.7984880942302112,0.7824060299239667,157.80579,2.3692548
0.3028168345926428,0.7934995266340192,1.0082969867361213,139.24063,2.5280058
0.5061952736037902,0.7416807353145299,0.9799492283446227,136.46703,2.789078
0.3533431776447865,0.6431312302969138,0.6708063910482795,159.82025,2.3218122
0.48358744012060395,0.809083486676405,0.7413170465273189,140.14919,2.3429608
0.4317745018448442,0.5705562450600877,1.0154806907649339,163.92197,2.301787
0.25154838931533374,0.5640267254499738,1.2394895998046764,136.72804,2.3173056
0.5258792842198251,0.5896101408599785,0.9013652890910133,163.14073,2.2037096
0.3199919295368788,0.8825761669696502,0.5270467670003016,158.93973,2.2456326
0.4779544269102,0.8738355784867678,0.9243662562187875,143.32329,1.9141695
0.356736635299233,0.6493983095984911,1.115336495798691,110.94153,2.5185513
0.5491801455696038,0.76365214093955,0.8055705242680782,151.6198,2.139261
0.3747162649685396,0.9383762824953825,0.5555953714278287,144.99623,1.9424723
0.5254911839724832,0.7279889071476916,1.3377609686856413,173.83926,2.2644248
0.4392985916453682,0.9486761923450073,1.1802789155836912,148.08664,1.8782742
0.269727729996356,0.67117168316658,0.9490685006686318,169.63786,1.9857454
0.4100588154345072,0.8517433969371375,1.2774501850180286,136.97159,2.4538994
0.4770687822375663,0.7818198476861735,1.080616658892973,144.92195,2.1618838
0.5453732460099787,0.8698464201509557,1.0278024997457156,162.88617,2.072796
0.25947881187647653,0.6220751365254344,0.8990906457983968,116.79048,1.9898857
0.49015037763258384,0.8860323678420319,1.0610337082102115,164.29639,1.8708476
0.37222248754902404,0.7936985379387126,0.6571657044027573,146.11343,2.5314145
0.3461393404373474,0.819119029978605,0.5525997847943386,130.72845,2.143108
0.3548747470028144,0.8335145636811792,0.8177419995077929,149.18265,1.9073768
0.5101532085824874,0.5809349460842833,1.2241213000515783,119.711464,2.2559664
0.4250366176238508,0.5657301683140562,1.0395591084484885,135.5772,2.748414
0.4003226514215361,0.823958029446225,0.6561040895294448,152.29042,1.6625868
0.28812713925148403,0.9465976471271187,0.6835911530834327,148.38286,1.8672658
0.37660441162439284,0.7216870426383027,0.9211919638281707,154.78894,2.0049884
0.49185829440455675,0.5716307720634015,0.7275459688622663,118.277245,2.2455645
0.46168837284025144,0.6432733735145649,0.6569521948261209,129.18642,2.533117
0.43261808508940425,0.891395316617627,0.8673060936182424,139.34605,2.3517075
0.3979714108143315,0.9246176966026385,1.476124482854267,124.335075,2.6719086
0.442266280573241,0.8203688586055045,0.8942014413130858,105.36722,2.8674393
0.2724454926023307,0.8151365309576664,0.5374391566395461,115.58106,2.1707447
0.37699891590200196,0.762029216870004,0.5617708103461018,128.2688,2.1816483
0.44969723564189573,0.6265475190199513,0.9029697068534309,139.13588,2.8041503
0.3819823913949233,0.7922122233526112,1.4421739641862423,175.07228,1.9465138
0.34256202337244523,0.5955647267763786,0.956609900236985,130.43948,2.0416713
0.38633403723998316,0.6498570451311548,0.8369888565815213,143.1805,1.6874592
0.3365097944789466,0.6970181086436896,1.065997047280595,144.229,2.548604
0.40745076180066153,0.723874954358926,1.268374517275857,163.06798,2.3740184
0.37244943883855086,0.6950526382846764,1.1700876894959626,145.79347,2.72219
0.41548853818952547,0.939816894898617,0.6554754008590842,114.154686,3.0152514
0.32235250301474944,0.9489248167799593,1.1952292197796117,128.67842,2.6758764
0.47193522031989443,0.9417075144593181,0.7799023193591932,140.56601,2.2801313
0.27736946125660566,0.666283359558884,0.7601569166682481,141.62607,2.371613
0.4448479841721339,0.7740707524897845,1.0706129321120426,123.22665,2.5410392
0.2876893613045047,0.6168829720646636,0.5858596361730549,164.34033,2.1713953
0.47861194960266706,0.8287992912847542,1.2367995547303445,117.40599,2.2977524
0.5400876863208057,0.7268273622880297,0.6608510849314118,134.34879,1.9532769
0.32234787752555993,0.758149055048278,0.9425649044810448,163.20566,1.680552
0.3003817746798033,0.7884520952447027,0.9602071658740005,127.374275,2.4351583
0.47721355492959505,0.912749180771395,1.2516975415513214,148.36111,2.30416
0.4274141938124582,0.7245688650104112,0.8318084734664657,123.47308,1.9666191
0.46189320727177907,0.9067552942203339,1.456936411624599,134.25693,3.055659
0.4533448474291011,0.6979982215431246,1.3858144385873947,124.176956,3.128684
0.48557426188398595,0.7579500891284524,1.3472147068633813,158.60646,1.9736532
0.321784863455884,0.8975098245832495,1.4483183375857793,136.22041,2.3864467
0.4858048351343343,0.5685058764986968,1.3459832434027952,169.76169,2.3623528
0.3923204351887253,0.695207169220071,0.9414740376863451,133.73709,2.4573135
0.4359087761869388,0.6063628280715925,1.1572683171978029,134.78291,2.850604
0.3269015376936427,0.7390676758496251,0.8445552551337061,116.03825,2.8084762
0.49408614159099395,0.569410966896928,1.3281219450864792,155.33327,2.2378109
0.36155525718571846,0.5792927570508878,1.1091549435517503,146.18185,2.4405308
0.3591416722878045,0.8304885500373558,0.7133238660284379,148.11705,2.1160023
0.3925989920965842,0.5569772599475501,1.25034164598528,151.24315,2.1916828
0.421606915616779,0.8979303413796327,0.5592832529543477,159.22847,2.422507
0.4964116994174227,0.7084663746162015,1.1961233606990926,172.50026,2.2265851
0.4390891247593155,0.5559138589526895,0.6444278150187177,163.87225,2.0613787
0.3489317206348407,0.6627898824524197,0.9658772240791359,136.72913,2.1986248
0.3087318303443703,0.6687190355821491,1.1400677265213064,125.465675,2.1665685
0.37821993236753015,0.8186908007143727,1.0999112492703074,171.61943,2.0996277
0.40307002654822965,0.6636178882941374,0.9583130621768436,137.80128,2.0838375
0.2584198045422387,0.5794431631422993,0.9903298938246103,146.51505,2.0466592
0.5241812838123705,0.6257296254466994,1.4608247326225299,132.45172,2.8877323
0.45851663356973626,0.8424927858088711,1.251209822960977,154.58727,2.084189
0.28391252128160344,0.9180522134788809,1.4460731478891715,112.205,2.8081992
0.4803736003680157,0.8266649635992105,1.1237719720245307,137.0848,2.5265634
0.4863340696488043,0.9008842836836389,1.077779369219219,138.19637,2.2552722
0.529044238496015,0.7419203466218898,1.146370255893645,136.57948,2.393514
0.48111170370134515,0.6433592145607658,0.5520909703882743,147.72612,2.0338619
0.48543295758295923,0.8395846847521755,0.6670002770526837,134.00302,2.812582
0.3068428328883749,0.8819428310527393,1.3261398134445828,111.083565,3.1163037
0.5097019558243229,0.5844159329804909,0.6103381370026969,121.4712,2.6229012
0.3065519242220967,0.8075368957662084,1.2076086227910612,119.1824,2.4939015
0.32814905715260295,0.868509155946624,0.8985239358584306,136.2327,2.0453095
0.38860290741356845,0.8267603014942186,1.402376065917902,145.10808,2.4415975
0.33161737557825144,0.6964250508050416,0.8318189098727422,120.79151,2.750285
0.32490588047863533,0.5772527220718999,1.4245282921314528,129.60674,2.8147886
0.3490871324556176,0.8033890441519741,0.6146196070594178,130.66296,2.3797023
0.5456989568669397,0.9460564970909399,1.2942506129948428,156.06587,1.7002611
0.35338702002995176,0.8502454153235947,1.2314046895993935,169.33778,2.0704532
0.5125492924949641,0.9181733840044077,1.288886483453937,160.90503,2.3785968
0.44814905918996617,0.5797025663202007,1.4816345244514593,129.82199,2.9180794
0.3783008867889031,0.8428730804769298,0.9840140919854431,131.44873,2.773502
0.4039116084347189,0.8142756314436614,0.6585287808730513,122.879074,2.1281695
0.38597590737534926,0.8010446794665078,1.0877687335549409,140.99582,2.0745525
0.35946078456182207,0.8436705114528875,0.7827552501412814,149.88904,2.3209224
0.302469256291031,0.8853118318188815,0.7303662463780537,162.62758,2.209554
0.3367328732261212,0.6116629879352913,0.7053913466882006,141.38788,2.4998062
0.29835344297274136,0.5831976843730452,1.0325794785709945,152.02672,2.527082
0.30406929977222763,0.8193440496570166,1.035704336584508,148.60852,2.7028122
0.4577344053925849,0.6074791300726131,0.7578469637260588,115.74497,2.7492263
0.33468433214376475,0.8929638944028387,1.2022959766423034,129.45305,2.6377027
0.5047146969044987,0.6741573222244253,1.220060850467827,139.59834,3.123668
0.4344356434120805,0.7206923452346398,0.6363521877382596,158.01999,2.2848313
0.32521427501771993,0.5854410474754888,0.5432228270159396,161.86786,2.1883106
0.4502351547682816,0.9369795375830645,1.3107443492887536,117.48117,2.385925
0.34474478767433325,0.8878210260911661,0.9320244437982893,172.98697,1.76021
0.38790796468422295,0.872392592271447,0.8615767620519794,146.01447,2.22813
0.3167870069385188,0.9489301011166388,1.3807557427847437,132.63567,2.4278288
0.49246192353221413,0.5756066855778023,1.4934894216583898,159.89919,2.147194
0.3649247718023816,0.5832900951690512,1.1733910340542693,157.12784,1.974697
0.4876803171038655,0.567559504213342,1.143008731861177,140.95145,2.3368127
0.30377233425698547,0.6488385866799433,1.2702623557099197,122.25258,2.9887745
0.2702870449711786,0.7176709134497509,1.435546611754658,120.67714,2.457686
0.2525226403976446,0.7636044174346936,0.7585657003053873,136.64488,2.5405576
0.5124325465837107,0.7191339100183073,0.6630329466259719,145.64902,2.3497338
0.5152135382757435,0.5633098514785037,0.6978350007804056,106.83668,3.0505881
0.3329907786800047,0.6613631190103354,0.9982347488412364,173.67601,2.1891356
0.5356657267579217,0.7919319843990109,1.0210917467766092,155.07094,2.5539825
0.3696863239669672,0.7466440341509065,1.2659145995563357,110.48519,2.5985305
0.35440707956241585,0.9283960379813533,0.5627676843100047,133.36017,2.461276
0.5085412723678495,0.9360233761071148,1.306780717847834,163.88736,2.1046557
0.5164126775473035,0.9135820126611531,1.2563409971790733,128.03612,2.81907
0.35118632160769153,0.6671036493196939,1.3474282944931721,137.74272,2.7570622
0.35299128729626417,0.6517654594167834,0.835219365763849,153.2888,2.199247
0.5073799147795188,0.6902983654749334,1.2692766679683172,174.79254,1.6486696
0.3497038672474981,0.8118419251848752,1.340205388318543,115.92802,2.764677
0.29546166405394503,0.801203752132915,0.8359318280824598,126.62991,2.6026356
0.44176459846832455,0.5814753162271418,0.6441879175245979,117.38989,2.680626
0.5453855809872883,0.7549409211166063,1.4310693635302751,137.79716,2.6820774
0.4419891810775364,0.8255177738528812,0.6275525561029345,121.8889,3.1012979
0.40338100023932333,0.6444651971266773,0.5541978202026234,161.66699,1.9473848
0.281879382723609,0.8051603942080732,0.9290077914276789,137.44469,2.8008332
0.5489290888431165,0.6047270765806686,0.954262439488648,143.5211,2.4817193
0.5281713472991231,0.5968339776066052,1.1362204113343228,132.41019,2.7280593
0.5048106678038078,0.88273606662847,0.7045714257534856,130.8584,2.4929998
0.4247438823484961,0.9388701082532764,0.5983251988324602,117.93814,2.0203931
0.4517914470343827,0.9415867892583005,1.2224220524695268,138.54439,2.8840494
0.354623015429707,0.556110464535509,0.8255561690831618,157.5477,1.9303633
0.2830367826080303,0.5750201963026215,1.3168392106494449,139.83197,1.9480487
0.506415416769382,0.5851677264039524,0.851064828858972,124.73504,2.0296996
0.2808920124515625,0.8787392702423462,0.8150144383212262,135.41827,2.2262776
0.5323441688285144,0.8263015564288394,1.081877197912584,113.15181,2.5729825
0.47472683904504875,0.5603292179929104,1.110036759677747,161.13943,1.8887689
0.48326462980599144,0.6885954890520678,0.5214397661842334,148.70859,1.8241794
0.3998098713700078,0.5599213604299473,1.493879281396174,169.90125,2.1287818
0.2754591755397483,0.6090305798100237,1.3964778972958238,121.22703,2.6642947
0.46787665507211984,0.9318694099913281,0.7852996645834687,162.18846,2.003142
0.45311013394048144,0.8915521239447957,0.6152369667846557,136.3829,2.1386278
0.2655536972738795,0.5522529184060003,0.6827578644698624,124.77935,2.8380632
0.3982502846750489,0.8161856299864036,0.8471872643252153,150.69086,2.269577
0.4676390778877674,0.5887551352252969,0.7386682789268695,155.63258,2.541494
0.44173388518951856,0.7680191519568795,1.1555577332771108,143.61035,2.4175875
0.37743283810405004,0.6903362330013522,0.9467825423347822,142.01367,2.0195572
0.4440629521676226,0.9102784137506241,0.8020700833152775,165.45224,2.093318
0.3662117050254015,0.8613350318378563,0.581488968506916,115.05207,2.2418227
0.4231996981741081,0.5536263406157798,1.1088634298260323,145.42236,1.9412183
0.3229229294044612,0.6281135304668194,1.2213071725608893,154.3298,1.9591982
0.4692995460075716,0.6009117667810239,1.2413739193880358,128.91824,2.883719
0.49890203082197765,0.9414113337215285,1.0463766902494926,143.61897,2.1583514
0.2827956223468768,0.7105053884510455,1.166438652010234,156.47495,1.7952241
0.4966349948713582,0.6892926096436258,1.302832610761552,107.89434,2.4908748
0.43905361931938425,0.7140413861281282,0.5332376675978434,121.58834,3.0700161
0.34345005157048303,0.7529055471918509,1.2995729691570825,154.89784,2.3964005
0.4638615762862357,0.7702065447165699,0.637205849317283,143.29884,2.3099196
0.2809593764008942,0.9031826036514493,0.7235201541012931,168.61424,1.8616351
0.2606469494193353,0.7623538983548954,0.8292302715762436,124.52238,2.1264877
0.4406409784259634,0.8244047244627697,0.6668639039808294,152.29015,1.6511023
0.3440080078754135,0.582921461608948,1.335632494633148,120.46852,2.4942417
0.4844183976384386,0.8959694383979881,1.1148469338889297,129.19382,2.0275435
0.364964368944936,0.8792244817552497,0.8850922524246748,130.32668,2.3708515
0.5108325725196896,0.6776157829318943,0.6843482673265353,111.564,2.2788253
0.5486670760332722,0.6925882522872943,0.8712815558587391,144.03163,2.0188727
0.494343661554165,0.6142950994720286,0.710601040753517,138.69966,2.6658995
0.4119637330266068,0.8328210408044652,0.630660067430528,162.1555,2.182358
0.5008462512091516,0.9087383145742138,1.2286374786543077,141.94707,1.6000775
0.36494668713511746,0.925002042052383,1.428097690286242,107.743996,2.5216277
0.25129772444677223,0.8992621229729563,0.6686784139673959,119.26372,2.8259475
0.284113212094649,0.7067456305497963,0.8264362026932586,143.74576,1.9836521
0.3287424175840171,0.5833631947084488,1.423946420415159,150.7224,2.088414
0.30155579112315944,0.5727959414565115,1.4233716490526782,117.57907,2.167072
0.3062888451946043,0.8336984449612062,1.0578971431914805,160.70778,2.0304368
0.40011568816382226,0.6079879805344777,0.9461398100105455,118.67899,2.2768283
0.38435487896665677,0.6405047457010478,1.1322688397534981,136.28133,2.1906362
0.30256852408709434,0.6449436257431681,1.2032280478159798,150.04971,2.115724
0.25529296362328396,0.6840837678677778,1.023067153921836,140.46727,2.2470253
0.3934967842619537,0.8544288157092045,0.8098778147673623,113.87153,3.003082
0.3270687102367147,0.8662184316409038,1.1289541663498048,146.31955,2.2887356
0.3661652980502902,0.8503851567494846,0.7238596195021526,133.18849,2.6657908
0.3860096708877757,0.7062344689226353,0.6953949643748762,125.29451,2.615322
0.41199668350552276,0.7473209935164977,1.468402026992108,159.64151,1.8930439
0.2982598425999971,0.5660942915339482,0.6034651695152367,128.77505,2.8741736
0.4030538878590447,0.7972362592051279,0.5203354645011717,155.15073,2.095732
0.2828040413415458,0.571917381664439,0.6694989195761897,110.27611,2.3076737
0.4638999461769964,0.9279319948243031,0.9011768130238896,145.30557,2.2222097
0.3230596914479028,0.9041484042211,1.3374065212177173,110.23413,2.189196
0.5269223840054487,0.8942711811198376,0.8054680550172196,133.85791,2.4016135
0.38795405418040546,0.8124850562345636,1.2800175598326504,121.035286,2.59449
0.25659435059984936,0.732699782276637,1.3966749770476465,124.826126,2.770174
0.47842726278172776,0.5839786778537472,0.9358059850717549,128.8712,3.0590825
0.33259227026771776,0.6308704642538085,1.25021971783001,163.1348,2.5513995
0.46104808767644534,0.6594133952352574,0.9447936820695434,144.8003,2.3543203
0.3057492821612038,0.6778949207231716,0.5434143002432048,152.3704,2.1099792
0.3048379744550351,0.8637814254107996,0.925809451233308,146.89235,1.638672
0.447909753089219,0.9381406166139576,1.179524855525805,114.48993,2.6648078
0.31696005392356175,0.625162061403792,1.2293307587932758,155.16498,2.0844078
0.48017163789424,0.8094014345832554,1.0526062431267644,118.210785,2.2463834
0.38307478529421096,0.6481678651717104,1.2856637312979537,118.27975,3.0454764
0.2581147378513119,0.603543409128244,0.9078875951394384,152.0553,2.1437886
0.4359212250781596,0.6716673676438087,0.8927021152972431,137.53072,2.332243
0.27541468326977075,0.9209191939249568,0.7640463354069281,115.64485,2.758805
0.4014705273442399,0.6470386960882666,1.4141120724789977,142.99779,2.896904
0.3365886547305109,0.8415470079235106,1.3651564425158609,106.21416,2.2860715
0.3331746331281351,0.8659104122460668,1.360959952587112,171.07916,1.9543908
0.3053933270818305,0.7210065455364402,0.6295200885236305,149.22989,2.5959888
0.25776209745431566,0.6073711203322834,0.7241138374912565,141.78143,2.4502888
0.5446948630443609,0.7952557746502165,1.0452111159750825,145.06412,1.74097
0.38602438255791693,0.6730719230814811,0.5289343128832498,146.0539,2.6472569
0.4353688385417882,0.834051047974383,1.0799800245323226,166.7113,1.9709767
0.5413751552967174,0.6335647702778536,1.150281167856778,137.87984,2.238184
0.2604751608345941,0.6517692024770687,0.6660234763894948,160.79929,2.0934465
0.3054801626658129,0.8517127536880948,0.6567835129026193,125.48429,2.3752756
0.32957127514960244,0.8668651558003098,0.7940711286119009,139.65242,2.0144563
0.250917920611645,0.8066154122193636,0.8521350068018807,154.72737,1.7108943
0.5136894707846209,0.9025149616126318,1.1298751845745267,110.88141,2.9202223
0.32555527302750775,0.5960915076344638,1.1757611396798722,138.79517,2.5264168
0.44595604013831014,0.6823717711312611,1.365769273486309,116.61919,2.2804615
0.29553961677315604,0.7210516717188826,1.2158211388402047,126.47605,2.5476525
0.3080633691737944,0.5916288187297234,1.3282643421277731,127.13914,2.0707276
0.524732393714926,0.6415272528130188,1.1173089902685978,160.02412,1.6766634
0.4278546371415145,0.5825789356136291,0.5283857659660915,105.17367,2.148464
0.37862512628218764,0.8391541325197849,0.893593046510302,164.66371,1.5834583
0.3557827914332765,0.8829552957331943,1.4725550855219074,160.10384,1.8371497
0.35695312000445706,0.7809597130724333,0.7365864276276789,156.01457,2.1553037
0.33969890136259906,0.6873797690875458,1.1858605524134225,157.84138,1.9363554
0.44470243487558814,0.8311194102784818,0.8368018056739929,154.63174,2.5373647
0.4239379669693142,0.5826130935222096,1.470060925218323,159.00105,2.1139908
0.3493046251910893,0.5901979948413129,1.1354351333863621,132.70026,2.7314217
0.31301973711522835,0.7429423869186025,1.0766943142881238,148.98662,2.1976204
0.43457625658919075,0.8995966681376371,0.629926916168427,150.27904,2.43469
0.2622212617877338,0.6314259571514592,0.9157683750838489,156.83829,2.3324099
0.31549049927896006,0.7819722779100914,0.7124412075237108,173.76901,2.1223888
0.5199438745690079,0.9249903850948451,0.8214796241973765,142.26689,2.5004258
0.5315607958457707,0.6909051823717063,0.518537596400751,166.21483,2.1960971
0.37805879929060915,0.7541777039853879,1.2410365899494118,145.37701,2.568501
0.2669634655784968,0.8312840776144887,0.7277158919013007,155.68607,2.0239577
0.45351710401013084,0.9285795630036038,0.9422980050616658,114.35926,3.0348604
0.2525027645760036,0.7202346952409764,0.7907270758213251,128.88115,2.7190208
0.47823632986536513,0.9095517703002307,0.5543709356249303,108.56335,2.7434204
0.4139982090359404,0.6377039209058165,0.5308808504297955,122.16276,2.5273964
0.3196805534407257,0.604096358139266,1.2370622144194672,138.31544,2.4251328
0.5282929353089618,0.858544044969664,0.5913779518944845,152.21552,1.7543368
0.4405667396097591,0.8448564026714374,0.895196024761073,118.22046,2.3971307
0.5493615686465989,0.7860382114666091,0.784900005239394,163.16249,2.147548
0.4729962394526134,0.907703423663554,1.274308669493581,143.37665,2.3109276
0.5326127977677906,0.9014954416166054,1.4776013574377016,149.97588,2.363201
0.5160051011238129,0.7659171619423115,1.0827778609704986,148.32584,2.3029072
0.4884985760915857,0.8294515808580336,0.5959523131166871,148.48935,2.1105633
0.46171386873148956,0.9216606710672256,1.118395088571222,129.48137,2.5899618
0.46032738256299344,0.846307698092416,1.3436088336703218,127.59673,2.8777866
0.46743815845116415,0.6448058883607797,0.9067112695404989,141.60211,2.558772
0.3943311134137607,0.7266814750302404,0.9174618659445009,164.16783,2.1797216
0.47137309148338585,0.5506731660306523,0.9012040604727134,121.196655,2.7335348
0.4540729052628121,0.9234220789909949,0.9835608122660604,156.45177,2.285649
0.5189829587571144,0.8818622069434069,0.8521660692014771,162.19798,2.3725243
0.2813229899172508,0.63625161753008,0.5343015005470705,148.18454,2.5098226
0.2983381511551155,0.6939616759546082,1.4970722405257555,150.7178,2.0488644
0.527709700660256,0.6383917437893941,0.6304450949391237,165.76349,1.8890312
0.4934661537065079,0.8643991700277966,0.9345764537370109,137.98026,2.9766326
0.35181695342696373,0.7198612194810575,1.365515477929188,136.3806,2.491014
0.4981627956656264,0.5542964038765307,1.0594908553438378,145.87482,2.4441035
0.46172664161949173,0.7991946813698718,0.5658591246744152,137.48291,1.993483
0.41351859159216053,0.649085632403139,0.9720745905677206,146.78639,2.7310677
0.335762401782575,0.6670675076260458,0.7374152891630862,147.68672,2.5323312
0.2862491000437166,0.7593337996303547,0.911960223801065,125.04393,2.468619
0.3383681997085678,0.748051899312534,0.8651086165052624,162.44824,2.491456
0.5179264995475079,0.79306206247287,1.0981542157879702,149.17917,1.970377
0.2642076699364456,0.78371168635754,0.9526854714485198,153.58102,1.8815688
0.32083280488584437,0.6090542060183755,0.8089650998645737,149.11708,1.968383
0.33242796262364804,0.7043265175304422,0.7236172473378408,174.2612,1.896827
0.31169381850451927,0.6773800263306079,0.6954630289469627,155.66382,1.9518148
0.44568797497804613,0.7967336178182284,1.3479488424090738,122.281166,3.0857995
0.32534556154566474,0.7817966186053008,1.4808241506566364,123.216965,2.0980268
0.4943726276104021,0.9257746041525021,1.3863327976168418,145.39867,1.9744878
0.2705147076889206,0.5596998811919125,1.0073607215069351,138.37001,3.0708575
0.5467226649126149,0.9020848091655606,0.7610660837741672,167.43636,2.1691866
0.3669411965442053,0.8509321417414628,1.1075493065513702,133.22835,2.7214484
0.30928586509114075,0.62382466770929,0.5061706754917434,150.83272,2.3859997
0.5287559137734232,0.8673732452007235,1.0186503198958468,136.56378,2.0124135
0.3541714386293867,0.6208106168509722,1.0069387100728353,121.23482,2.113686
0.4759982526530177,0.9484513216397196,1.1033807543842116,122.21575,2.2818809
0.47688471748637984,0.6319340075041752,0.9493877342508054,119.66168,2.5450466
0.5447718408246173,0.847291824932738,0.9675916986846397,152.72723,1.9696792
0.3183826327124812,0.9410671926015453,0.993266135749529,141.16435,2.1126902
0.28135078960508314,0.622830619689495,0.7079784402067968,134.9358,1.8871964
0.33874218751058693,0.8972500834717976,0.7820451581500999,163.36833,2.4039977
0.47775874683740116,0.9023616481521308,0.5273768079377457,155.0335,1.8989877
0.42413863709699995,0.6706764056966144,1.061449969229662,153.88435,2.008651
0.49416387502775594,0.7730745296749744,1.2646237219049636,145.08154,2.5893636
0.32179570558408965,0.6154742712293724,1.4569677837694082,151.09406,2.1387694
0.3427067068477342,0.7480681261935664,1.2932532827192982,145.45988,2.4741347
0.28807461959981623,0.8773681562853417,0.8619145870177854,122.03469,2.9830368
0.5219738612019362,0.8485303951351295,1.066749928092411,170.31448,2.163984
0.5359809036814355,0.6847230928622507,1.0495748065961166,145.38626,2.3383489
0.3933206914048998,0.5965150440354015,1.2588956776154516,150.56427,1.976487
0.5067536738962479,0.8457449551528288,0.7803522463844844,136.81046,2.3388162
0.5090445504203045,0.8438342182285415,1.097146985660442,124.30065,2.737286
0.4413078621856358,0.9327602809731301,0.8244340742812474,147.31093,2.071761
0.45791397965239855,0.562039652640806,1.0308317961361917,151.23509,2.0266898
0.5034653743653454,0.7266644945632251,0.5692661316886952,155.01776,2.1360354
0.3754242586624914,0.6566729442359698,0.6955572782211339,163.88542,2.072992
0.3393281783053227,0.8472117110484372,0.667241014718873,144.29031,1.9796094
0.4762244373061822,0.5865712973273127,1.2954864225040037,122.32716,2.5897107
0.32506019200871666,0.6828126514397064,1.3479561068295172,115.386566,1.9299852
0.2873231166179572,0.6681563178839403,1.41331829683228,151.81236,1.9435436
0.45729256028576953,0.6689631426305446,1.1569294918301845,164.3454,2.3770638
0.47928680791630757,0.5703025264270762,0.8247274473473959,160.98701,1.8578644
0.3342484722656069,0.6326335915317792,0.8518541660872987,148.62202,1.6055229
0.4236744456175595,0.8106614477546963,0.6558666430486729,138.10269,2.4093788
0.27848988271458014,0.7556094415989542,1.0449932011564962,125.051125,2.467144
0.35529033714157476,0.6070994130880037,1.1506876362262943,149.05173,2.3236585
0.34712515679572004,0.7987997649985177,0.6858123799565207,138.3686,2.9234476
0.2558567853442797,0.8262113389219281,0.6635484980889581,149.39113,1.8694761
0.2614747093392874,0.8606673264341846,0.6229807450885813,143.9196,2.5765727
0.4707891575833799,0.6513906233471131,1.191503742682618,165.09248,2.0360951
0.4445391665970304,0.6007260488151128,0.8195978460709457,137.00035,2.165177
0.3910646521315163,0.5946945152510651,0.8626723115279842,135.75839,2.5302615
0.3526112324079483,0.7301283096548989,0.8128530015615354,131.0476,2.960402
0.4466029775898216,0.8787519069270058,0.9147420186772229,146.0546,2.392197
0.5128814593038046,0.7177366830329402,1.281263149398998,149.28963,2.2102873
0.2526559915388032,0.8630800798422223,1.1472281984225643,155.8886,2.4553769
0.2672101483200961,0.7677669898400565,1.3416353756353327,115.668495,2.6996047
0.29128828502886767,0.850382463220237,1.170973514067308,142.96658,2.4216273
0.5127971574441392,0.9156351522455362,1.4515363319024162,153.94067,2.2346354
0.4649395664545246,0.7860606995334798,1.487274187439042,157.59659,2.0779374
0.30116896862030823,0.6712457974469368,1.0259030506952347,114.12722,2.3694494
0.388789274662541,0.5846795670981388,0.9111126669915272,148.4589,2.3750787
0.45118833873711306,0.6496440531124245,1.3033467694502625,136.0462,2.1812592
0.41619919232559854,0.7035456203148791,1.2136433024781335,121.93313,3.0514755
0.5153284827643086,0.7710323272454694,0.9845077489578712,117.02079,2.3348403
0.30849898152749433,0.9087439964543095,1.1219143921406884,163.64995,1.7824752
0.3089450089636362,0.6353866144812685,1.3633945598256576,153.68819,2.149046
0.47606158401008786,0.8786170248968532,0.6446181137508565,156.74774,2.0532606
0.40248450490277776,0.7934853368709163,1.3576152338087148,141.0617,1.778218
0.28992094357614295,0.742174736228482,0.5749178637589607,157.45917,2.1763222
0.47645757654231286,0.6078925650472855,0.7468865445119012,171.00249,2.3454325
0.4121707352637522,0.8481032133190243,1.3002259103993539,139.01874,2.0746279
0.46773330233797483,0.8932477179306251,1.2370569582472104,149.98044,1.9871979
0.45009053071186905,0.7019752974057798,1.2443976437747284,166.02815,1.788439
0.3675479057031079,0.6375363764389524,1.1357314227673707,122.05483,2.7641366
0.27918127007592614,0.8758364471257145,0.5947349264808146,135.97044,2.967017
0.4691206147622227,0.9061402700632057,1.2166080402041484,122.764015,2.4236228
0.37703244853833,0.553859237188927,1.4473341577907188,150.36905,2.4208767
0.38885994386317707,0.6769191477809722,0.8963852938932098,159.2316,2.025065
0.4561104885991869,0.6696916912824602,0.8696222029007399,159.10817,1.9339688
0.5351151000189942,0.7888129803430084,1.1128412450835103,117.00224,2.8426979
0.30551875541008694,0.9080544892270301,0.5634508311613523,162.78806,2.2975702
0.46602670043551475,0.6389713502255832,0.7750016626398546,137.90446,1.8733174
0.5057780009358482,0.7962528909608477,0.9603101639181257,151.11044,2.2208877
0.33292285756774354,0.8172998097719315,1.4363924122461906,169.86696,2.234331
0.37295449558169436,0.5926315649516378,1.3464296667456712,126.49182,2.4261923
0.42000389516939285,0.9413624223463526,1.4926093435400405,123.85795,2.7816393
0.34051046852813416,0.7166193894702125,1.3576371025521554,140.23756,2.2150161
0.37842386486465907,0.8606864370321387,1.0800567551779765,142.91808,2.4084215
0.41444865188261953,0.6724428177001122,0.6352134484049968,141.90181,2.1798692
0.4824464431403248,0.927331061748873,1.1290166639360633,128.87956,2.920332
0.27142898763667517,0.7341169274127267,0.8628302136079461,161.73576,2.4087746
0.25122586864105284,0.6379016136653604,1.1620410953373477,154.50986,2.171174
0.42770644112960643,0.6798196430870215,1.0158792456905923,126.829216,2.7205374
0.49650469662455055,0.6780322908883104,1.4601323730556657,118.5746,2.631207
0.3614428412308853,0.7238232852011757,1.3105149223729886,122.80787,2.4925215
0.34958364188060076,0.8959983249789902,0.759707918432356,147.89006,1.9021312
0.2852210379532482,0.7013032522853277,0.5245259127038826,120.785,2.6887362
0.28061512876540445,0.8768744189693389,0.8766655722576986,136.33136,2.6768098
0.41649179532966846,0.6697375944352559,0.7909833950791664,172.42194,1.8764609
0.2851256843911859,0.9009449595848048,1.1522918387976293,161.25977,2.3437634
0.4349419676858423,0.596590840020747,1.1661424036873815,135.69719,2.5737906
0.3581420840270079,0.6644015166407028,1.4911102206443068,165.52596,1.7857716
0.5149138630913698,0.8704719008018853,0.7427933524834396,113.13679,2.8385947
0.3224267129278301,0.5947652152909277,0.6279151473828385,110.59293,2.1724954
0.39107664178472734,0.8142755368712811,1.353784485830309,151.11533,1.9319942
0.5080260808242685,0.8386863276783587,0.5563133950232176,153.26694,2.0032868
0.3983431550083405,0.7552296749226335,1.0718180979251097,149.86937,1.8996859
0.4786863004504821,0.9391898944225692,1.2573842227942376,161.75203,1.9059904
0.48776155432096596,0.8285974020635709,1.0351683681074437,148.47739,2.2131355
0.4031736261745609,0.8031726945997424,0.9334301088833247,145.69922,2.16779
0.33755372317631543,0.5821275110325501,0.9561918310553673,143.57333,2.08004
0.5049752459193699,0.8792542997383547,0.8323114292671777,126.81192,2.388745
0.4205255860336985,0.8335482175105395,0.9393118835002262,153.01279,1.7354606
0.5381641898286857,0.798652686002427,0.826929805752721,157.37764,1.6893433
0.4277797210930443,0.6272734017244321,0.6670691275208154,155.5092,1.96285
0.3855086423063535,0.5950995294107437,1.1532260474058842,140.47824,2.8732417
0.4265297814124466,0.7942337780524585,1.1327856503403404,162.83057,1.9155674
0.5421634086641389,0.7722142989691084,0.7832651850924476,169.40305,1.6126424
0.3806479429860211,0.6005246204719059,0.5170817429806335,143.04893,2.3289046
0.49842586159933855,0.744857150569503,0.7209236885657383,124.4685,2.971239
0.2940058292324923,0.8263188695993018,0.7354603794342068,166.1643,1.7470487
0.44962833188161144,0.6818301710165023,0.5927537285699794,151.67479,2.4301612
0.5428334038132194,0.58304300818313,1.032390750233273,131.02711,3.1082942
0.38232450420877273,0.8594974486718527,1.3648369573716654,129.48619,2.8463035
0.4772047880835022,0.8229335872981869,1.3580745682351125,154.65572,2.3389747
0.5472072813680271,0.7012734228762671,1.0887895774772498,140.04291,2.204186
0.5087160418066551,0.8664061224918358,1.4842836401823811,155.39494,1.9472219
0.4867446387696595,0.7346160756856877,1.230537510301849,116.09853,3.0166023
0.4433279336479874,0.812443400922604,0.7411212344567233,125.23491,2.8275032
0.43933325781624477,0.7561191726739412,0.8037146580416317,127.58022,2.7449555
0.26311379185987,0.5976197029101638,0.6262346481457001,157.92728,1.6281229
0.3844363555989748,0.6820476152824446,0.946102904066347,124.959366,2.524488
0.26057195895780405,0.7906883311183518,1.1979758733160373,133.3353,2.961881
0.5102632433664906,0.6060374581911699,0.7549060072874444,123.35827,3.098018
0.40330977763584486,0.5850691043808334,0.5623937692237678,123.047966,2.7293904
0.4048560261741637,0.8563038467872495,1.4368679588503226,164.42535,1.7517171
0.44786154540879863,0.6206747168764831,0.5488325280310444,126.230156,2.4523728
0.5486492011949723,0.9121665160819248,0.7211719814020101,120.05366,2.21071
0.27089892642583613,0.9150595773982735,0.6089348614821257,136.46426,2.6962082
0.39083194332846305,0.8239986331981808,0.9127630231692979,108.054695,3.101992
0.3548577340285942,0.9136603485269508,0.7402624657760408,139.35089,2.7492309
0.4424882743509365,0.5830322649881022,1.2715277450035467,141.3663,1.7855043
0.4709408907094836,0.6400474072417401,1.2687489263416514,137.74243,2.1484149
0.42433624377175083,0.5920745855415221,0.5453706550863203,158.2651,1.7488782
0.3642600316605433,0.67659629207494,1.232328228522781,131.19673,2.1221185
0.3513628358690676,0.9197547847512012,1.0442711154887103,114.133484,2.799875
0.39972878544696244,0.8922665453560151,1.1167808388058844,123.93348,2.7460887
0.44011206890770493,0.6065538493658912,0.5336059299207563,165.91432,2.119938
0.44918592657278744,0.8644846239575241,0.580812116607841,138.72359,2.2041614
0.2788889136184429,0.9439886737432428,0.5802734960467344,164.22035,1.9529499
0.28054719176472204,0.7029259674083372,1.108890282202024,135.63872,2.4853857
0.26129708592608264,0.6160631443225669,1.2071090909947535,115.907585,2.8079557
0.2897344165670986,0.6163538305072396,1.2492900222495873,156.02818,2.2512233
0.3340646347269746,0.6454208110512184,1.4472477300708542,123.04469,2.778954
0.36540613809455086,0.6548197263666882,0.6639252982544415,168.84367,2.0993183
0.31084639336704606,0.5988090420040478,0.9699741765966815,169.89815,2.0098448
0.4884097663390052,0.7035176424694383,1.0845162121826522,158.8128,2.1147995
0.2636276366846396,0.558653220792947,1.1232533558305198,162.55156,1.6986369
0.4428041129524334,0.8187598798167725,0.5391705001284172,116.50728,2.8269835
0.33697542529883306,0.7515699245490985,1.4527134320137076,159.38553,2.0329146
0.36251898979021374,0.6044036697380931,1.4807237574118723,130.27432,3.1061368
0.48743681401821326,0.6752712097709681,1.2979643049535725,139.40137,2.5199769
0.2811548045300361,0.9223412542590643,0.9829768735717993,112.97687,2.7876585
0.36842001013230863,0.9105075999538212,0.9310529290075708,160.48994,2.41207
0.4337995865245319,0.771831140302948,0.6993925575677147,142.90303,2.2543726
0.3147268215783076,0.7297134232323275,1.4973226258785888,117.602196,2.7780647
0.4023408141784129,0.8583593137871324,1.3010264365105244,172.4001,1.8285397
0.25205349291166906,0.570645013443577,0.7309899321768061,130.05666,2.2792704
0.26133714236523525,0.8376985247163147,0.8113980534323351,136.5744,1.9221603
0.28797830728857565,0.9373227399692802,1.248500399570919,137.28621,2.5405152
0.3227137941495103,0.5513300030066515,0.5230281684677499,143.68779,2.5514681
0.2729394094095156,0.8481479487800514,0.970241322492001,140.52129,2.4005723
0.5208076958022752,0.860101928108875,0.7050584882340574,148.68925,1.8884388
0.37354891094629,0.9287472930253688,0.7652624686198362,118.86883,2.232083
0.524824199796085,0.8904883712953224,0.94596959077106,126.901436,2.3088102
0.2553910187626757,0.6364081863472821,0.8630918242804675,140.7233,2.3221667
0.36033887786574337,0.5681799749024941,1.1940181807208403,160.71822,1.8873006
0.4692817054127443,0.566335300464974,0.8850360282312557,151.21887,2.4425561
0.5404969530394348,0.6566655769277363,1.1814238047663976,120.25439,2.2224028
0.3510773574562504,0.8465845490922905,1.436860243120572,138.98703,2.1632016
0.36085526421262165,0.7586527124848826,0.6593153543411385,113.3172,2.6004214
0.454891624005348,0.6627119338194768,0.9847135860426383,130.5585,2.8616805
0.5378109469829899,0.9047685202215328,1.1728963108371162,156.1385,2.3448653
0.49772057288288846,0.7964349108771783,0.7880409601808388,157.09207,2.4179285
0.3753920698133092,0.6682307258394312,0.6572890231622929,157.05121,1.9884633
0.4809442805659274,0.5727410965254219,1.1569262007724481,162.99097,1.8475224
0.5433031679995709,0.8900477862597305,0.550502569429897,174.10706,1.618394
0.4654348759883725,0.553983062696336,1.4203196916844036,162.74619,2.3227077
0.37378930091221163,0.9426822773601236,0.5891649607368682,121.06099,2.849036
0.3056964027974827,0.8986767890730223,0.5414562698178395,144.21257,2.075214
0.49844719486400124,0.7768916403970121,0.7886801624620912,151.70207,2.0369463
0.25309616687829856,0.617795401671269,0.8664862080848206,113.6644,2.214386
0.44112233597629924,0.7873877498945205,1.2446817329777502,146.31305,1.8518907
0.36421022302747413,0.7213467456800993,0.5104599642295804,112.64139,2.4871602
0.25361852218626824,0.5797583448995113,1.0187203116239179,149.03535,2.3541064
0.480133933641983,0.8932785878181657,1.0277538774142994,159.2181,2.0564184
0.3784411557241021,0.7880328911263264,1.0532735271032203,129.98233,1.9163953
0.40043063753356145,0.9141473850735606,1.1133868301498966,139.63992,2.7951677
0.4477971142062205,0.6492926335014783,0.7962785495556087,151.73915,1.8946724
0.481967026185804,0.6881660507277944,1.3091388450508101,118.13735,2.2377727
0.2827971378156477,0.9374909667686444,1.221908694777269,108.31206,2.5508683
0.4374704158056967,0.6424847738605858,0.9528057324323019,136.50159,2.1002028
0.44175203891647064,0.7189571018557066,0.6231289963090688,156.81668,2.1399925
0.4559357536525812,0.8869761332497128,0.915549436319777,157.76373,1.7705419
0.5040367705500697,0.8327673967911206,0.78229240278333,112.410446,2.970338
0.39025521913809824,0.9479181266806621,1.0284566667258768,147.98763,2.4666145
0.511769116695421,0.7783344143483135,0.8459426316791457,119.36861,2.7752087
0.4887085944520334,0.550218284890256,1.354756663873975,159.94849,1.9161654
0.5462185938856998,0.7931126243488938,1.0488132845728912,145.14828,1.8035516
0.41678112088692715,0.7381244747037683,1.1231054290496567,124.78387,2.2086349
0.5208314125336425,0.5748056379763402,0.6665660423703971,160.62718,2.2242923
0.5116382336088443,0.7529501543250522,1.469580438206584,117.65458,2.7010186
0.33060990507809296,0.8531120534462404,0.8302639960232435,109.03717,2.2538776
0.2820966421935277,0.7164443194140264,1.3557151401928798,163.90565,2.2888002
0.371064369775339,0.5525205738324152,0.9874181420875572,143.97018,2.2871296
0.474126398728258,0.8179690072363748,0.9934649924548736,122.06255,2.6783772
0.3785391721228305,0.6462865528154366,1.420034433062189,126.34299,2.6747718
0.5223030023081239,0.8077990294442081,1.4186210408218705,119.13811,2.4130478
0.31710601833232865,0.8137427674461308,1.3757234386929724,157.38217,2.4398432
0.3196869505183816,0.6486345505629935,1.0451917226180463,114.61589,2.7774553
0.491562687116172,0.6797734401473765,1.0818554465982564,146.79385,2.0206764
0.46033009681781956,0.7387739058576136,0.614020182471771,117.13442,2.6096048
0.29976665239339084,0.7602048548613308,1.2487485131510472,123.29499,2.8094256
0.368657161088592,0.8533036029571619,0.6209153394991161,116.57889,2.0924551
0.35810329758554915,0.7927778090153695,1.0926105549148026,163.61438,2.2582285
0.326410963498683,0.5631310210491254,1.354617317252185,151.74904,1.7376928
0.3091574981936298,0.9357588179998807,0.9396502396512033,153.72514,2.321473
0.4255998379481574,0.7221541887967968,1.037540037491179,161.19704,1.7768167
0.3468036739826207,0.677146267526283,1.4992351128831727,159.0811,1.8111317
0.3043136960095261,0.8338383733840935,1.2873921318443038,168.8956,1.8827523
0.3731139780371104,0.7463576707778461,1.1813198161131726,126.416565,2.7928953
0.38635250835568574,0.6523526377429817,0.6896594138789682,129.87276,2.3713932
0.250003002687435,0.6221660530809492,0.8483495541965875,144.11853,1.9537971
0.3423419251567134,0.7654814517239782,1.4153538469075166,172.91191,2.3476608
0.39828253875663944,0.7309642884800959,0.6714758467339254,163.9267,2.0287974
0.39876106839354536,0.7328049894552245,1.0941055697472741,129.4945,2.2008793
0.5156680483028904,0.8743084650774973,1.2011958800734,160.92517,1.908007
0.32106529588415655,0.8806897081029533,1.467137423568925,137.637,2.1475122
0.4639192459481395,0.6324127168154319,0.7825459138424378,125.65708,2.8615222
0.28331362222169526,0.6628733645933174,0.5558242061414652,111.63558,2.4734838
0.3825730750146136,0.6849307108076153,1.2623598395006503,166.92555,1.9935373
0.4331251744879335,0.757146115244277,0.7903389689673648,142.8873,2.5923405
0.43139077327342623,0.8387252098732279,1.0968128142083602,138.53598,2.2420168
0.5027134527516335,0.9276911932113343,0.7422192791607015,153.14159,2.4788442
0.5116927420102774,0.7546531981358531,1.4550920625105592,139.40889,2.278167
0.27610372199637767,0.7751915227381654,1.1666815442559435,109.805824,2.1785412
0.37278603912756664,0.8205125725142921,1.3663344411099725,121.20228,3.0821087
0.3067040334604307,0.8930119857470973,0.5116774878708241,160.7085,1.871888
0.4874760278898945,0.6671668702039321,0.9917766591925703,158.71535,1.6271508
0.39259439975076593,0.9166101018795169,0.8877751573107739,115.14967,2.6404228
0.5458475517376222,0.8548423613311762,0.5531529179800473,116.153854,1.990507
0.3728549646838345,0.7195418145083889,1.0733557826182856,143.83424,2.0064316
0.5049888523817974,0.8261758275657792,1.4889133060677568,132.4292,2.6154861
0.4335533824986899,0.6479220288744812,1.0653810832311028,149.95352,2.3510342
0.5152218279065908,0.6537204466933846,0.5930607042341419,114.40307,3.1003706
0.48736388233704414,0.6569108966634338,1.247816732980509,146.56288,2.8499687
0.4538268009279685,0.8994327743828057,1.1802026139440291,116.48443,2.044055
0.36622307013728056,0.9277159218599609,1.315872860891345,112.44056,2.2121644
0.2904662236169913,0.8851028890481405,1.4644833978356442,152.28079,2.3599403
0.40141583136163184,0.6756954115279145,1.1726772776763141,161.77464,2.3579354
0.26034532157176793,0.6642711550604492,0.7067849821351467,136.9122,2.2098742
0.2674226402871767,0.758538713066921,0.6338237387100694,138.71198,1.892299
0.38901932104653447,0.7356540832801806,0.8967492757634032,131.46071,2.216116
0.2504262841299967,0.8788630676360936,0.9060871907637664,169.00209,1.6450424
0.49123129764918744,0.7698836356534602,1.2408674549387693,146.80579,2.4492426
0.44305433492257884,0.707952536855301,0.608103811928077,163.80121,2.2191448
0.35264480756255606,0.7259896469629705,1.0997487124490877,158.51329,1.8361056
0.39502961126806757,0.8455990747339397,1.1484681172353852,126.332,2.7650406
0.4537697414290168,0.7781750874436657,1.3698859102059742,148.12343,2.3831303
0.4996564589457327,0.7161101566478817,1.015131240219293,121.44925,2.6574352
0.3686574387100553,0.7682282520830849,0.9197012464456303,108.79831,2.7345
0.4872193239451631,0.6698926460846235,1.2745366699721399,135.36243,2.5977058
0.35097859413707455,0.669503815245109,1.430390808654235,121.95665,2.4165626
0.4208253405429432,0.5586938285919876,0.8495766475828642,148.34872,2.1979465
0.41869975390356673,0.8158782475324983,0.6482411696019034,165.71913,2.1540496
0.5227939958445542,0.6232025393487921,1.255955499524644,136.25984,2.26907
0.43525234240128785,0.8087211428193458,0.9599588039979661,147.68382,1.9276736
0.3894539976531722,0.649158396436558,1.2448179484578408,141.5612,2.3184159
0.2511224499682445,0.8549857037386679,0.7179311358881824,115.34247,2.7013392
0.3479929440703294,0.5631386765637141,1.1594871060930347,117.08272,2.8311281
0.3249765898014998,0.5572768896830094,1.4376123751915917,158.40462,1.6284019
0.30239605854425006,0.661671040031755,1.3195163341174316,135.84593,1.904309
0.30192429369138046,0.9332493956005508,0.9343411272408149,163.50601,2.3197265
0.4823102990522846,0.8642026826210879,0.6423700530555637,127.884186,2.7160933
0.3754410166203618,0.8868837688139113,0.6399768587268223,133.75577,2.2495449
0.5446830902578226,0.8631269813357736,0.8203036112660759,121.08834,2.8571112
0.42409625583929883,0.8182942758262406,0.8579774855687828,144.62766,2.5601344
0.44101289037777325,0.8826632671009131,1.4087572848222463,153.79326,1.5899606
0.2508568543290225,0.69611005407818,0.6871377187214799,155.82208,2.12573
0.485754685044833,0.7152536553173069,1.1970628736903035,150.12483,1.8674725
0.27308916642205966,0.6332562860858878,0.7691928160475636,133.50356,2.4240193
0.29556056502553624,0.7254145487902106,1.0729414903039873,138.29881,2.5164874
0.32529843401021685,0.7430650542496855,0.9013977473471214,136.89871,3.1232915
0.29574686649649573,0.7315812038858533,1.4606382794412482,137.52557,1.8920766
0.38867936725100344,0.8196948030299194,1.1591604803728126,116.87155,1.9311837
0.4152589229393974,0.5750034155172785,1.318752226069985,121.73833,2.0008311
0.3730804287070475,0.728601268577082,1.4321944320304754,133.90532,2.622272
0.4410666331759719,0.685214129433917,0.9184975962083785,142.94745,1.9849877
0.44098629094603703,0.7339394910131831,0.5949642817519761,148.48175,2.0987477
0.489612452374554,0.7786055163027517,1.4799017592264456,152.4437,2.363286
0.2714357168333181,0.6703326828263886,1.3048981649036728,121.80681,2.3973002
0.507432958635985,0.7621518471758113,0.7529127836190398,137.11497,1.9757494
0.27932829813215465,0.649707743873685,0.7427394605442518,110.232574,2.864191
0.3663582693231947,0.5975190371856905,0.6221403933605133,154.4022,2.3025317
0.42816122373598553,0.7604212422173461,0.5763012724454086,156.44438,1.9009619
0.306349934742973,0.7640458874652845,1.4163852593514294,134.78969,2.7813435
0.30211461053349614,0.6196152928459806,0.5436068759387732,144.19061,1.975228
0.33401628204871503,0.7088233012013823,1.4107285453981808,136.11894,2.2326994
0.5123848630805037,0.7983300578655426,0.843658218957624,156.75723,1.8000389
0.38029115375969114,0.8235016205533888,1.4507503590566913,115.12777,2.5197778
0.45194632924361156,0.8389221292395899,0.8800191552811447,125.8109,2.1834671
0.2794664608726381,0.5931918832375476,0.990398867490029,143.26134,2.5275986
0.4404313228874205,0.908430122414681,0.5958797522856448,137.29706,3.1461387
0.4513949683809369,0.694574883859055,0.7372070399449766,143.20596,2.372682
0.3002409768146223,0.5539294716840596,0.5521362535650263,136.16072,2.7562463
0.4901298811149153,0.8114176262413455,0.5975243195191005,169.1606,2.0969102
0.41985458781887275,0.746151386008485,0.671433469063875,115.02385,2.5946257
0.3453511232987857,0.8728759961443406,1.0623204559971626,143.64893,2.009926
0.4339437470792054,0.7929129157107977,1.0363790753874396,145.26094,2.1099563
0.36265181791519097,0.7299046955004304,1.2650288445253985,150.17041,2.2317727
0.5003936257680908,0.7740549762272364,0.8386058547084648,130.19711,3.0803154
0.34830457400085985,0.6848423640675898,1.4561622200701518,138.67793,2.3335323
0.39587969477949436,0.8056070063838352,1.4183903430291944,151.39697,2.2600505
0.3494232063778303,0.6212320111940097,0.9935048154863481,113.912994,2.143217
0.43538188064660543,0.7520599599046918,1.2013962353266763,124.144516,2.8279011
0.36396395620786476,0.853503314027527,1.2087407578450642,141.78128,1.974344
0.4945493330043462,0.8247645608008617,0.5827659823024945,128.60394,2.2931273
0.47602935520472534,0.6994623778507556,0.6970032348358387,157.28345,2.1432765
0.5136513264225143,0.6047648905422285,0.5203876826331485,136.08965,2.9259121
0.42028076309174023,0.8065388015340395,1.2171307013217767,163.74776,1.7833732
0.3995822024318555,0.8919998816729062,1.0637752534228084,143.39053,2.3324342
0.35307877642214763,0.8327041035871412,1.1751747994230404,169.07503,2.308617
0.5393886638439759,0.7998019528085702,1.2104841208643027,137.70561,2.19048
0.4273481870111786,0.8411418139172452,1.144870627037188,143.43297,2.4090617
0.2714268686623054,0.9030303607614976,0.5640724848308897,155.36261,2.280992
0.5480275851320693,0.8779735080422626,0.7116148536486483,116.3396,2.6471927
0.5187244852750541,0.639546472077701,1.1831322086429834,164.6125,2.3754287
0.5245996662031438,0.6886265224726992,0.6812349930485988,145.36069,2.154015
0.4628431616724032,0.9470258244572726,0.7362934916923082,149.4473,2.0737717
0.3694762706718595,0.725488447560204,0.5611618719860517,155.67615,1.9458807
0.38916081449728435,0.8843449435628725,1.4138180216725913,168.7043,1.6113925
0.3228715334067102,0.665121035808149,1.2592396619599568,124.997055,2.2526147
0.42831081838675533,0.5768164637143463,1.2087565188531073,128.98367,2.6478415
0.29491630197129404,0.7164260383372639,0.5326903926029886,108.39995,2.592196
0.4429046764183077,0.5570838640667721,1.428226868496239,162.71933,2.2670078
0.3886306784666647,0.8567237933202498,0.9116721400202406,145.80594,2.1183112
0.3004664902443943,0.873791568495736,0.5524944923078923,158.3318,1.8354967
0.3417503592752653,0.7789612069309357,1.1798605017159902,121.89476,2.245424
0.4291684240334148,0.8942085016558488,1.067227190836649,154.83186,1.9875346
0.5237701234905201,0.6757510462468158,0.9207364256557048,159.4613,2.0975564
0.4667842862446804,0.625081421424861,0.5369937396638101,111.02196,2.8082266
0.4160053402529664,0.842400870483317,1.3053698285536717,109.81009,2.7439213
0.42107907840951697,0.827677954892879,1.0109909248470372,113.68314,2.2202642
0.42946218266072356,0.6084308832651667,0.6653233431386675,151.10864,2.1824906
0.3118318863223534,0.8699402661027698,1.0344849756021524,122.96459,2.3311377
0.42226377094336487,0.7438493441898415,1.4928519120669927,138.56975,2.372538
0.31898456423219723,0.7260011314029707,1.3913623244651827,132.70224,2.7620502
0.5371927796993563,0.6690993021422782,1.242027895000329,149.1981,2.3524377
0.2754768830991043,0.6300227200286901,1.4684481260299296,137.7159,2.563313
0.30593428024369923,0.6142589987471974,1.412730473704933,143.81111,1.8453681
0.3436862128581438,0.8929203990116957,1.0024344505700729,118.96108,2.0315409
0.5368046838646388,0.6261683971868831,0.8599774653317336,149.41704,1.9746029
0.4425322905124197,0.6777205670922177,1.2945320348179883,117.315575,2.3398023
0.5195296284544884,0.7252145617896506,0.7499762799997143,148.1208,2.14138
0.37831718219445515,0.6102584456372203,0.7955674272142714,146.1214,2.2833328
0.29505125622747824,0.7813367524310029,1.134888569078416,133.75282,2.1905632
0.49761366905668203,0.6872106042090148,0.8008643037509721,165.03526,1.974059
0.5201863628340069,0.8966411995775052,0.5788705028275094,150.40582,2.1696725
0.34994306174528267,0.8342721286642403,1.3543053872831483,156.03635,2.0067825
0.4282995500989457,0.5945518939381644,0.67672881282827,130.4634,2.5870066
0.4111809504151376,0.7778568866146665,1.3005057562742195,130.13182,2.52092
0.38969445642771666,0.7084549099059749,1.2218280371209032,125.112755,2.2389781
0.3737123412090719,0.9406389076889544,1.4057335818770114,140.56621,2.0665536
0.4313956023462796,0.7500196562096587,1.4817374090929891,148.9702,1.7617372
0.3234918618648982,0.642720202182976,0.9054047322406451,139.34,2.217675
0.3243680420960372,0.7241093765168115,1.139841494976538,145.35094,2.301776
0.3261982858881343,0.9008722418804325,0.9784959869241828,129.02075,3.0565531
0.42768751302206864,0.634557281194951,0.6210226357105462,157.86589,2.1032827
0.5021258234009544,0.5710139641948032,0.9794006600617908,152.80112,2.3770375
0.301093386727197,0.5903495317995245,1.087505484180232,137.1077,2.03855
0.4148865613833953,0.6181706027074104,0.577378649232876,163.72061,2.353915
0.5296551739355689,0.6059600796394828,1.2514475289329166,126.51299,2.8162804
0.32779969844749024,0.6071904738275522,1.4799813325421862,121.80002,2.7891333
0.3800396788413516,0.5590323845244376,0.5697115864485038,147.98534,1.7256167
0.5087497276181925,0.6964050511311461,0.5937891523785379,128.42416,2.5394735
0.3361377235280867,0.6978449912965295,1.3306890871495352,158.67577,1.9716014
0.2822460934128024,0.7041646250908459,0.6285842203816107,123.04365,2.6099887
0.534458348125079,0.8019862141682691,1.412168655753723,154.21996,1.7194102
0.34086799442396853,0.7355537562490058,0.8931515137202539,116.11025,1.9821289
0.4535284429179019,0.6565198536058795,0.5402819420590003,120.14789,2.5263743
0.3318411500640307,0.8722142246478348,1.4164404123991967,160.78575,2.2850988
0.25827374738817677,0.5703138370534949,1.3727633772661325,161.78874,1.6419749
0.3001872967234945,0.6465150151679581,1.0776356412409944,156.52357,2.2240644
0.42015151736691386,0.5914107824053325,1.3119009067803014,156.59532,2.1536262
0.2579593831242232,0.5535416352565059,1.1234332407640895,149.87997,2.1005068
0.4642524554089821,0.7908330952666777,1.260765392372186,125.30561,2.4045746
0.5154303567045577,0.8748205234288153,0.5150456332161057,155.53389,2.2214324
0.25341114278039234,0.931676998749133,1.1747448529308335,128.05789,2.731665
0.47686991864961825,0.8512261117582034,1.12754747825592,135.36507,1.9417663
0.44729576853343334,0.8490145700603293,0.6356860857835641,121.84354,2.455399
0.46802412118620085,0.8314962037492344,1.3735596983490186,114.58337,2.1849132
0.308691834842537,0.6170370196684336,0.6433204705597287,121.871025,2.8196697
0.26578241899346644,0.6638130371041672,1.2766226535842775,149.0027,2.1683648
0.369631831040442,0.5559328233070019,1.23801021897247,147.78079,2.656134
0.5120130738491193,0.9101526980399832,0.829170323730859,154.22379,1.7850294
0.28552366330617057,0.5752319783725367,1.0557564566743887,155.93646,1.981363
0.377865241622355,0.8642940409311806,0.6022285946864433,112.767494,2.2514021
0.4896875912867663,0.9413679362870007,1.4905894437053369,149.84067,2.3712828
0.4713120011964594,0.6905315293276275,0.9420196880398523,153.84152,2.3664517
0.2838604710467711,0.8838787969419415,1.1976263061086878,162.18701,1.8960268
0.3175210920970357,0.7463814535094089,0.6347558386550511,131.45547,2.4974167
0.5046221756492126,0.7302534455015444,1.1930839892913125,146.52763,2.032715
0.3998947152279223,0.7785032871207117,1.4629081137470672,125.73552,2.2519724
0.27673129089175735,0.706078143591485,1.2980448157449982,158.51283,2.1190135
0.46946946412905016,0.842636961681549,1.1083663171195028,111.3393,2.5690804
0.4387398912112107,0.7930834289565402,0.6384866216670728,118.27819,2.8681586
0.39200190171232485,0.6830654254056382,1.4014137702247673,117.75152,2.294341
0.28956022525176395,0.8288593565428573,1.0867165572599098,142.60469,2.2283578
0.3400743175483173,0.8934343404563061,1.3145967181106033,148.02454,2.0947556
0.2778166185079894,0.9460667449929797,1.4145324503336578,140.14009,1.964721
0.449199526382906,0.5562642155210127,1.0141176163244061,123.7191,2.1194417
0.2613850334331032,0.7384121529592882,1.020080741729105,125.38853,2.2253253
0.2833744029273344,0.9193394538717986,1.3945915173324317,135.60168,2.149385
0.36481875294411054,0.9330186448694909,0.8073154609301905,126.99782,2.1655164
0.3170402510027909,0.9379871500052254,0.9402102154755709,157.62138,2.1129386
0.289839632923082,0.9090406256738301,0.5501666377684663,173.05098,2.2647882
0.26873307127647866,0.560641876841692,0.6749466927482182,122.68306,2.2090492
0.33382718065098854,0.9317279446849551,0.8451124392684811,160.05539,1.9284492
0.3293478990005666,0.5526094494678028,0.7553031775892179,128.21033,2.1379542
0.4996960648727695,0.7209503283972967,1.2324040386863166,115.10386,2.4669254
0.508347449456424,0.7845030186767181,1.1951755033649583,170.11264,2.31172
0.42851015182782004,0.872158910913387,1.0419344690844907,129.38097,2.1373482
0.5212769446684071,0.8868533975607453,1.4262213127414425,156.92192,2.025978
0.3781842557553809,0.6913036280193259,0.7952339690314643,119.37786,2.8067276
0.31581032771872797,0.7358833700364689,1.079023347364644,111.07336,2.5525718
0.3142340624585236,0.7983572112012254,1.245530367083719,167.21544,1.8332691
0.31628713989905133,0.8514933584770175,0.9811734217526373,140.99234,2.256493
0.3144075463611156,0.5792962227936478,0.6690645214427035,138.5051,2.2397318
0.2859235233966503,0.8886689355508335,1.4961759073255276,131.57047,2.4466715
0.2991385317012839,0.5630933663365119,0.5198067223125417,126.32212,2.7013192
0.40996335622945684,0.6724862071276745,1.3492677574487644,172.1615,1.6662555
0.43688668603961234,0.8101457613614507,0.9249444608796559,138.11469,2.0423386
0.4631650797530391,0.8141937511749697,0.9098442154924625,123.446144,2.534576
0.4986810379149716,0.9033431187564825,1.2073388618690377,142.05157,2.3618562
0.3125025164143289,0.9129600343512356,0.9341092818369108,120.97668,2.2242055
0.3477178832366866,0.8145133687193047,0.5120615053814829,168.52765,1.9830258
0.5383594623045106,0.7683834983593987,0.5739679297674017,122.401535,2.1071725
0.3170280939821428,0.6482381601820039,0.5267066956979253,133.36855,2.3775454
0.3606675373635776,0.926937277088417,0.8847649388263327,154.15288,2.2244484
0.3142625298472336,0.8547853954616227,1.1823445737620948,134.83876,2.3237062
0.31128319650829944,0.650290508628832,1.2270201112261145,171.3629,1.6365013
0.33103179846023545,0.7758634429896287,1.1178806753021129,107.47507,3.058935
0.3052929476845513,0.9055671138820136,1.2576906801572274,147.64645,1.8797822
0.38933078693597356,0.5565657712748858,1.0932223806969588,141.25543,1.8511988
0.34769460233865956,0.916671465963989,0.6375887169126028,139.3103,2.1002526
0.3924654338714797,0.6585389514837687,0.9300991668772643,116.43877,2.0379984
0.27189578339951004,0.6006794266130174,1.1996507196756385,143.91554,2.8300958
0.4943513562601849,0.923176885489791,0.9065190212201634,130.15694,2.415542
0.2526854627865929,0.7462952800005596,0.961484832233835,145.95004,2.3845458
0.32251325201334136,0.733325584864613,0.6015454652546582,127.96506,2.3520606
0.3189692387844083,0.8819702083257149,0.915629155030847,153.15106,2.118235
0.4636268557922443,0.5884574991857014,0.5495420821351414,153.35655,2.4239216
0.4871646934232579,0.6387644612772958,0.775746151160843,149.23843,1.9812666
0.3696591483193159,0.8899117780208371,0.5190877440637339,142.43419,2.1987548
0.5384783344367412,0.9233222936131157,1.117275089228769,157.65193,2.2609453
0.44904518223911516,0.8270684182312561,1.2486357706535187,134.34854,2.6152039
0.29501126805144506,0.7178246324190352,1.2275146365029936,152.63284,2.240176
0.3363547045610289,0.8588390275139184,1.3533541394507178,111.65879,2.7068312
0.38768548430883876,0.7004518698020095,1.1447094227733356,150.49486,2.2774746
0.4343543230940228,0.6577295453450732,1.4825670984084152,117.7313,2.1709368
0.5146760333134645,0.8235736150410091,0.5382350896429123,122.40819,2.6111114
0.3183617708829055,0.6743415012110257,1.1983154174295816,138.77196,2.4371905
0.47644508455014956,0.7709697479436743,1.1341060733390393,146.51,2.2198486
0.3217546954980854,0.6440574557635338,1.4842934844861815,115.86759,2.5238016
0.49593450598065614,0.5940110144592117,0.7699800072467956,133.61694,2.699748
0.4711051817643269,0.621151775569523,0.5377380001444566,159.29552,2.1714942
0.4154712708156129,0.9499119805076452,0.5367215313294873,146.9936,2.01234
0.42226642646099166,0.6960253141586293,1.2011864683285358,126.49439,2.2584393
0.2991786639879148,0.8892076539656977,0.8445377989329408,106.11784,2.742353
0.34967509081145265,0.6769771776405956,1.0202107274626218,113.15377,2.4815812
0.3747365640913248,0.8400171943391024,0.9991118779720791,172.4211,2.1836004
0.43101181197723587,0.6173315247545011,0.5775605970754978,142.62819,2.2495973
0.45660199643512234,0.830941027869337,1.4918466873996974,124.88799,2.5537205
0.28427257455201305,0.9043710413539714,0.8829189930853018,169.0945,2.2812817
0.41042270119073254,0.8283155373839242,1.1240642486203591,147.72243,2.5862887
0.3681756551457052,0.6240937495373575,0.572627987331852,157.96495,2.014515
0.3321770235653247,0.6122287817586611,1.4744168254865926,148.5445,1.7371829
0.2531147062066879,0.8451027844891679,0.997497951468874,121.03198,2.3057027
0.38690412427896664,0.8530297998390897,1.3155860680216562,127.20632,3.0442026
0.3168014293309536,0.8128635115105314,1.4016958101785812,130.84209,2.5215187
0.36931262625669775,0.6491027720848898,0.8743650692903701,135.55978,2.1560533
0.5095216687107429,0.8276030807117836,1.32360414203315,128.11183,2.780459
0.4033974301010189,0.7796231220988719,1.4645565029620007,159.9042,2.0891488
0.5107719098219432,0.6693670937888597,1.409770922830274,163.49162,2.3321009
0.3989406164407848,0.8582539016352357,1.0500622348944153,159.94048,2.3892968
0.4752111080375428,0.7105327872036611,0.6014773160470192,137.64288,2.3005846
0.5108985692838991,0.872039702833193,1.3010448213791708,155.20082,2.080325
0.4832171623405006,0.6330015401635883,0.620756343714107,149.87682,1.8785088
0.2723975746137598,0.6024315539257892,0.5872270887812736,144.34949,2.5413382
0.4110828197803375,0.6602343007419651,1.0594483722628696,124.096214,2.6979918
0.4749301751767767,0.6006981960106001,0.6696507861904409,167.60413,1.6472301
0.40918201139985705,0.7398806330983628,1.0235812734222902,173.99866,1.7432374
0.5046192176113622,0.6913582632966406,0.5695739520716774,130.71117,2.3800273
0.26153366751560786,0.9114164312847953,1.0059640492312985,158.39546,1.7678361
0.3448256057253364,0.8055360319482401,1.44203443726764,121.819534,2.609748
0.40979547850338216,0.9070349348015541,1.1780904806234582,163.35324,2.2434893
0.3365103046896546,0.7688211454962377,0.5974367971022094,137.02483,2.293154
0.42147630640615674,0.9162564896387801,1.1187596329065328,137.14394,2.6138086
0.3188209046396245,0.7038160218059121,0.9673961799734985,116.19761,1.9324989
0.5459161653977063,0.724391507465389,0.5745104344881059,148.14459,2.1711473
0.4470810241628505,0.9103450006266461,1.2696507458540722,127.466064,2.3618345
0.4588695285949599,0.8836708768609746,1.4708514953734255,132.29156,2.3596401
0.2742454351770231,0.6600669766806273,1.1840517337869234,140.07686,1.8994629
0.4921904663419493,0.873307708336386,1.072312965021846,108.01151,2.5992868
0.42843208084903334,0.6085607108389256,0.7821251345623121,114.53012,2.2883375
0.503806228787512,0.6776050083261284,0.6541756081654857,124.292206,2.1858222
0.33390754448019105,0.6803697880409114,0.9363304400541241,129.32416,2.4783685
0.45057354952616524,0.9447295822737347,0.8994871662743693,119.55474,2.3565204
0.3301344666896505,0.7210163318439182,1.4007023747097667,137.04172,2.5700672
0.25754017041458327,0.8842888101045825,1.0994514839653173,174.90768,2.3099
0.4702311780380537,0.8417797121293649,0.930167625707864,125.97089,1.9230278
0.4968176524147809,0.6308360340522765,0.6334971413053474,147.4042,1.9186187
0.27335534032529346,0.9093491662899358,1.3327810550083345,108.91824,2.8916554
0.47941052983615307,0.6447750020028874,0.9691724077367347,131.49776,2.176277
0.511399019176082,0.679636596247345,1.2543292076780546,143.28989,2.0208519
0.28754571121252664,0.8211823188955107,0.513342062374606,152.33266,1.7819014
0.3003286894612122,0.9428161480158205,1.0069437379801958,134.77141,2.5162847
0.4124518768101128,0.7366821725400797,0.5606344044430872,137.9173,2.684048
0.504055986359508,0.7089531031902241,1.3684621819667615,170.94174,1.6360939
0.39346490836607695,0.9467834129425452,1.3132720853451882,136.06357,2.5781846
0.3733040058508191,0.7422140368793346,1.1108919017465335,121.7364,2.6897027
0.3710699140106989,0.6827552185803065,0.9626633837260468,107.88715,2.9691093
0.545942246095068,0.5842372694864352,0.703739047165449,115.94711,3.093438
0.2622383433883769,0.6064715008404817,1.128202170233648,164.2473,2.348906
0.45948899572798674,0.6148040526513001,0.7618771118177747,117.441734,2.213171
0.38043963033641315,0.7970518723769706,0.9314592453410351,151.02982,2.1625476
0.26368081392843457,0.8901104168844596,1.4142382561114273,153.9826,2.3168945
0.5381267415221727,0.9024641606319281,0.8840900290139312,108.100815,2.450223
0.4314200833269928,0.5500326776807161,1.2335349631406256,124.896484,1.9247041
0.2503739402302687,0.9030386905963752,1.3982481230055497,147.76645,2.4901116
0.34205834059323326,0.6853708564359909,1.3693375621147337,136.58365,2.4266863
0.3497966435691075,0.6317871889472951,0.7563960466974763,118.27691,2.6069565
0.4566301770406382,0.8545286709255999,1.403770379888389,122.08804,2.7523446
0.2994178477953347,0.6177567212272399,0.6086706497643796,156.09956,1.6414648
0.5256125040071205,0.7793405870486435,0.8089402503879785,135.66692,2.1233504
0.2872202220841356,0.6892152057585579,0.639296015231273,131.2008,2.3621075
0.2669745327762264,0.7527629270860368,1.1723381741508865,116.78279,1.9930526
0.37811197346190145,0.9349863587033354,1.0080182998002374,111.94441,2.5842996
0.34386696460652666,0.6228410017531514,0.7579766656936064,166.62526,1.6614547
0.4101723834304002,0.7782537295311281,0.8031019035906546,160.84158,2.2888749
0.3691321857327454,0.863437662310619,1.2119145948872467,147.79503,2.5162864
0.2630865577211942,0.8021116798541679,1.219471461446913,150.78447,2.2401078
0.35096735700546555,0.7231256227127458,0.6056019798146264,112.29909,3.0279644
0.4794690003632738,0.5953966705084613,0.5002412955386456,136.29977,2.7619681
0.4350861325231743,0.9200513181136787,1.0548966916554767,147.07849,2.3396115
0.30905120125345087,0.8381832653563057,1.030127854934825,161.77007,2.0625908
0.32544281226149363,0.6240536377173411,0.5750012721788144,151.46664,1.8738406
0.36035484586750294,0.9057541789917443,0.743444658943893,107.15998,3.0434723
0.42912258795373326,0.704727376478057,1.1955899780992925,130.74419,2.083823
0.32249477263902804,0.9437556967436695,0.5973052520153177,108.47444,2.708328
0.29263949166783243,0.8871251001227816,0.5349045096339627,154.93922,2.4651022
0.27396760516303137,0.6785490449559881,1.0722829310820077,153.882,1.9714968
0.5275692640422093,0.6585534864192164,0.8359467462751398,161.80983,2.4869888
0.2920416842290647,0.9292870590459856,1.3529870009372025,130.26512,2.6839988
0.49808308930596107,0.8412003454485577,1.0672649192952601,146.53365,2.8434176
0.5284166292998143,0.9105303463369647,0.9329809761853471,138.18457,1.9345794
0.39045684140436326,0.6536206207854718,0.9246555082730767,157.22812,1.9438317
0.48163749703936226,0.5708207349114476,1.0857114165319084,143.49709,2.1918023
0.33394620729733626,0.6875852629833767,0.8306941033047274,138.13676,2.7499104
0.46247962318755453,0.7023408333658187,0.9786339532822297,167.5648,1.9355404
0.3611215099183054,0.6858945409778755,1.2394575706121405,137.52982,2.2018566
0.2501437502243211,0.6480288130716373,0.5334089156048661,129.23154,2.7141538
0.5332404893213685,0.5596061891261452,0.569668225518061,143.58905,2.1865494
0.5166569187055499,0.813662558935975,0.9634602458169758,155.84169,1.8554028
0.4027095605736672,0.9035031268116995,1.4086894648523118,120.16338,2.6480033
0.4365375753527888,0.8730522004897834,1.4205417650609373,126.54623,2.7703488
0.4540037491862058,0.7385108890679757,1.1486403076398235,161.89462,2.2774758
0.36839029593498956,0.9059104261812945,0.8037586502613716,133.12515,2.3002
0.3360688926074255,0.8548705072430427,1.0715733673645316,149.88324,2.6128385
0.43899950703095514,0.5984064025893008,0.6619353435304262,145.90625,2.387971
0.5263661446033303,0.8843743220550939,1.156478702779392,151.05617,1.7840487
0.2534935950041315,0.6680990228962962,1.3428111704083516,168.46231,2.1750214
0.5079628650648296,0.5720332536147646,1.0159157283519495,116.094086,2.5047545
0.25762469372398594,0.8058794567559362,1.3723254273254677,121.38503,3.0887837
0.5071430595023321,0.6866923633047007,0.6624144724309781,145.79048,2.4519727
0.2939842819556474,0.9331123724336691,0.8357476911667491,145.20636,2.3032029
0.3813607163870216,0.7660430660377429,1.1437153685087704,137.0013,3.0670974
0.2767485276744084,0.7627066982248394,0.9730215506827959,128.13947,2.4828503
0.2811341926357801,0.8650085818562404,0.5184938885421891,143.14189,1.8831156
0.4507456327306155,0.7016007372880552,1.2141404006597372,157.1257,1.9073977
0.3086045016942487,0.6518060019276471,0.7216497730003865,126.420006,2.1645465
0.2835395658042874,0.8662434996727583,1.4838658567063916,158.51048,2.1447885
0.36119395237177854,0.6127525808311283,1.0646905823268038,163.1904,1.9578178
0.5103658130528227,0.6758400089430447,1.3032549286757815,129.91159,2.1404023
0.31444580941764866,0.7991403797722193,0.6676912144694571,140.17667,2.1019871
0.3246665284216045,0.6347757748218291,1.3905235325726233,116.13121,3.1172402
0.34151850273355805,0.8590109287288774,0.7828980536344614,156.42647,2.0588918
0.41864374022483747,0.9130247686433559,1.0298853606029517,125.02747,2.7711165
0.29000065446626994,0.7900754070021174,0.8061134743153091,160.69972,1.8032119
0.36414462820523413,0.7443297413960366,0.8449786419629369,153.50522,1.7099969
0.4319640711843875,0.8480032620431717,0.5546766462342569,123.48534,2.5996137
0.400126248682767,0.8152521231154979,1.0594073153584782,133.30782,2.7172747
0.5111359343410395,0.7911529820659632,1.218652650363779,158.11845,1.7619346
0.5134301014604529,0.8758421240443849,1.3743761646082198,138.0556,2.9326022
0.37366990297330593,0.8266278245503322,1.1896529193214773,154.60175,1.7135231
0.47087097911307313,0.9404410031378359,0.5116472737371103,164.3121,2.1033423
0.5265441646013356,0.88853964107048,0.7394232569749516,147.04066,2.2296488
0.5010439349740932,0.8867289266422367,1.4310761919941037,138.1011,2.5500531
0.3128612478120817,0.8932137193035088,0.9288097350492538,141.74826,2.1393929
0.48951556155356674,0.8891583374385292,1.049416746422724,164.30618,2.1526887
0.3826808157601333,0.8742120349787422,1.3887370516369613,119.11275,2.4364965
0.4865656787890922,0.7782727253564111,0.5692444730697809,132.40955,2.824261
0.400128851406196,0.9270974594850143,0.5267606132791817,171.80695,2.0519469
0.2828447315146078,0.8993112265772891,0.727547637567185,144.98505,2.7876232
0.43512751773754854,0.7569672811757127,1.242998431896305,149.62646,2.4840043
0.30060264532908293,0.6372830339384677,0.8243816899038514,126.55394,3.094559
0.37574233678732727,0.6220605213585205,0.9992351579232251,143.29262,2.1407773
0.3559010057472791,0.7158917362912343,1.0156393564392225,135.13896,2.0673993
0.3501318545401867,0.5910426302175475,1.2984199410333912,123.34041,2.1769934
0.35615044452592787,0.8498373475172066,1.0384697145581514,143.58539,2.4792848
0.3178572244348887,0.800498503817853,1.0333919658220088,147.38284,2.1119845
0.4109215757000813,0.6008110103810638,0.5407118680152659,163.73863,1.9849732
0.3674214439774156,0.6767034938403834,1.4622423116775993,164.30739,2.3334432
0.3363862224104653,0.8970534395282741,1.0928574505085116,106.69942,2.278893
0.3030057073280814,0.5675777585707731,1.1180582286171394,141.08463,2.148649
0.4617665556193706,0.8581762779829567,1.301821058235691,113.9462,2.4829974
0.29934606933330354,0.8843007190437864,0.9242480665758663,164.62566,1.9502842
0.3547180854877145,0.6772467485891062,1.119608505440321,162.49043,2.1835713
0.2833561478857169,0.7768132420236777,1.4695839175069199,139.36993,2.3731186
0.29715786812183176,0.7767224056696144,1.2568044418640327,124.380226,2.7258916
0.420270288060385,0.7310113084436942,1.2492084204609961,125.865105,1.9624316
0.34877685026549493,0.9403271827833002,1.4065123272366544,139.8348,2.8794475
0.38712171426076464,0.7193585155092723,0.7111911780679067,162.19266,2.4284234
0.5364838801705649,0.6521132053545876,1.4230869966086295,121.73753,2.3143628
0.3985649927736521,0.7221019700994059,1.2298768029752498,147.04684,2.2858386
0.38739751149870033,0.8162955592767618,1.3456887870960217,159.1912,2.1379628
0.2765292712294646,0.9254062056817473,1.392325590477347,132.63065,2.8802187
0.26001929126464873,0.8650742846762736,0.7898649455858993,163.01181,1.9487473
0.5006402529325451,0.7612033824005208,1.4253173420829959,115.69398,2.6121762
0.4102131467093607,0.613518646938136,1.3675746944377716,162.45804,1.8088317
0.3334067423287085,0.7103341026353055,0.6226564645544311,147.62515,2.7919366
0.5000899093933422,0.6836145276559566,0.9884353393113423,119.8018,3.0231707
0.3640552633634542,0.8272939924811633,1.2898094632901493,147.6463,2.4575565
0.2552845465903203,0.6759259094575215,0.5833490962768496,114.777916,2.6640441
0.4956658030342706,0.602598611670055,0.6920972608027096,141.92236,1.9397529
0.3604750084323478,0.8201766439356544,1.0998139271130718,128.89091,2.7895505
0.4230362352776308,0.5866606497812192,0.871880551640512,163.13455,1.7358133
0.26990570688440724,0.7401642787975282,1.2805634003443642,145.56436,2.0360336
0.4153448147189896,0.6023834220269484,0.6496416576273912,160.8053,1.8935876
0.437965602812129,0.6912317970143297,0.7861302303968881,133.00754,2.3959296
0.524881691369546,0.8039330023423836,1.235106369618098,155.88885,2.023309
0.2920437193683389,0.7828128312331585,0.7458376429328845,113.72524,3.0391147
0.5171434681305054,0.7643195992185002,1.056928073130254,114.7119,3.1248367
0.2530790605019854,0.5833184412433208,1.3121093724157546,137.55171,1.9490072
0.2591425753165153,0.7074930317550864,0.6199193090033205,117.544464,2.7680724
0.39071217402957725,0.8830324848959339,1.2712365216508892,142.5721,2.287635
0.42043639218226164,0.8415726787716872,1.2396663920704973,134.62894,2.8986979
0.5319708464905779,0.689961413307753,0.6384645175463605,116.576904,2.2483413
0.3555157688824392,0.6272429767352472,1.118810517013421,149.72423,1.8485607
0.49996891968086343,0.5895759379715548,0.5355782004655183,143.26361,2.3439415
0.3701387690225113,0.9128981975267771,1.1131151335949758,151.2723,1.6493531
0.3524645001691046,0.7264139745046637,1.3125272130628844,158.59409,2.1239142
0.3447103796569278,0.8092016411862735,0.7913633111782662,164.03629,1.9226677
0.323472740648713,0.8635615680264277,1.452230204982243,149.09656,2.4840217
0.35043294409595993,0.6967468595408337,1.3592978936186544,137.52415,2.3105202
0.26270764166806426,0.6911717649514117,0.7069380937491959,162.24092,2.2246084
0.3648074088554163,0.685246063427143,1.1029340819237872,133.89543,2.5375736
0.3390858612528274,0.8470980178056218,1.024900742669062,151.3058,2.0639968
0.3073789549903336,0.5883332143542763,1.2211249167847524,149.47752,2.8004272
0.5261601582899117,0.6915909257394316,1.3757588046326703,164.8202,2.1842308
0.4586240131727643,0.7113829939300127,1.138700419128581,174.07133,1.8403194
0.4412763907486952,0.9425876577523462,0.8471747160660565,150.79936,2.4570754
0.48878938638634656,0.6709939711063319,1.2878400483720087,160.5626,1.9565014
0.2928692044938971,0.7003698188578844,0.9153866224253624,143.96823,2.4193997
0.3883355044389633,0.5912191631210257,1.1087368046816843,169.30164,2.1712356
0.2867410568588086,0.6848518619383024,0.5014514142763785,132.6435,2.3496878
0.28698317688279973,0.7696659583309831,0.6189250705610627,122.54951,2.9104214
0.45604551793067927,0.7426131219553761,0.85545344862283,150.82782,2.2811668
0.32051298877060197,0.5935185373271524,0.7318086451979228,148.7728,2.07948
0.47185094854558096,0.5765091155582113,1.3608882825986126,167.39854,1.9158118
